#CODE;ENGLISH;FRENCH;GERMAN;;SPANISH;;;;;;;;;x
e_hre;Holy Roman Empire;;;;;;;;;;;;;x
e_hre_adj;Imperial;;;;;;;;;;;;;x
k_germany;Germany;;;;;;;;;;;;;x
k_germany_adj;German;;;;;;;;;;;;;x
k_lotharingia;Lotharingia;;;;;;;;;;;;;x
k_lotharingia_adj;Lotharingian;;;;;;;;;;;;;x
k_lower_lorraine;Lower Lorraine;;;;;;;;;;;;;x
k_lower_lorraine_adj;Lower Lorrainian;;;;;;;;;;;;;x
d_julich;Jülich;;;;;;;;;;;;;x
d_julich_adj;Jülich;;;;;;;;;;;;;x
d_limburg;Limburg;;;;;;;;;;;;;x
d_limburg_adj;Limburg;;;;;;;;;;;;;x
d_berg;Jülich-Cleves-Berg;;;;;;;;;;;;;x
d_berg_adj;Lower Rhenish;;;;;;;;;;;;;x
d_koln;Cologne;;;;;;;;;;;;;x
d_koln_adj;Colognian;;;;;;;;;;;;;x
d_liege;Liège;;;;;;;;;;;;;x
d_liege_adj;Liège;;;;;;;;;;;;;x
d_hainaut;Hainaut;;;;;;;;;;;;;x
d_hainaut_adj;Walloon;;;;;;;;;;;;;x
k_saxony;Saxony;;;;;;;;;;;;;x
k_saxony_adj;Saxon;;;;;;;;;;;;;x
d_lubeck;Lübeck;;;;;;;;;;;;;x
d_lubeck_adj;Lübeck;;;;;;;;;;;;;x
d_oldenburg;Lower Saxony;;;;;;;;;;;;;x
d_oldenburg_adj;Lower Saxon;;;;;;;;;;;;;x
d_holstein;Holstein;;;;;;;;;;;;;x
d_holstein_adj;Holstein;;;;;;;;;;;;;x
d_brunswick;Brunswick-Lüneburg;;;;;;;;;;;;;x
d_brunswick_adj;Brunswickian;;;;;;;;;;;;;x
d_brandenburg;Northern March;;;;;;;;;;;;;x
d_brandenburg_adj;Northern March;;;;;;;;;;;;;x
d_bishopmunster;Münster;;;;;;;;;;;;;x
d_bishopmunster_adj;Münster;;;;;;;;;;;;;x
d_osnabruck;Osnabrück;;;;;;;;;;;;;x
d_osnabruck_adj;Osnabrück;;;;;;;;;;;;;x
d_magdeburg;Magdeburg;;;;;;;;;;;;;x
d_magdeburg_adj;Magdeburg;;;;;;;;;;;;;x
d_bremen;Bremen;;;;;;;;;;;;;x
d_bremen_adj;Bremian;;;;;;;;;;;;;x
d_saxewittenberg;Saxe-Wittenberg;;;;;;;;;;;;;x
d_saxewittenberg_adj;Saxon;;;;;;;;;;;;;x
d_altmark;Altmark;;;;;;;;;;;;;x
d_altmark_adj;Altmark;;;;;;;;;;;;;x
d_angria;Angria;;;;;;;;;;;;;x
d_angria_adj;Angrian;;;;;;;;;;;;;x
k_bavaria;Bavaria;;;;;;;;;;;;;x
k_bavaria_adj;Bavarian;;;;;;;;;;;;;x
d_nuremberg;Nuremberg;;;;;;;;;;;;;x
d_nuremberg_adj;Nuremberg;;;;;;;;;;;;;x
d_nordgau;Nordgau;;;;;;;;;;;;;x
d_nordgau_adj;Nordgau;;;;;;;;;;;;;x
d_tyrol;Tyrol;;;;;;;;;;;;;x
d_tyrol_adj;Tyrolean;;;;;;;;;;;;;x
d_niederbayern;Lower Bavaria;;;;;;;;;;;;;x
d_niederbayern_adj;Lower Bavarian;;;;;;;;;;;;;x
d_salzburg;Salzburg;;;;;;;;;;;;;x
d_salzburg_adj;Salzburger;;;;;;;;;;;;;x
d_osterreich;Austria;;;;;;;;;;;;;x
d_osterreich_adj;Austrian;;;;;;;;;;;;;x
d_oberbayern;Upper Bavaria;;;;;;;;;;;;;x
d_oberbayern_adj;Upper Bavarian;;;;;;;;;;;;;x
k_carinthia;Carinthia;;;;;;;;;;;;;x
k_carinthia_adj;Carinthian;;;;;;;;;;;;;x
d_styria;Styria;;;;;;;;;;;;;x
d_styria_adj;Styrian;;;;;;;;;;;;;x
d_istria;Istria;;;;;;;;;;;;;x
d_istria_adj;Istrian;;;;;;;;;;;;;x
k_franconia;Franconia;;;;;;;;;;;;;x
k_franconia_adj;Franconian;;;;;;;;;;;;;x
d_hessen;Hesse;;;;;;;;;;;;;x
d_hessen_adj;Hessian;;;;;;;;;;;;;x
d_rheinfranken;Rhenish Franconia;;;;;;;;;;;;;x
d_rheinfranken_adj;Rhenish Franconian;;;;;;;;;;;;;x
d_mainz;Mainz;;;;;;;;;;;;;x
d_mainz_adj;Mainz;;;;;;;;;;;;;x
d_wurzburg;Eastern Franconia;;;;;;;;;;;;;x
d_wurzburg_adj;Eastern Franconian;;;;;;;;;;;;;x
d_thuringia;Thuringia;;;;;;;;;;;;;x
d_thuringia_adj;Thuringian;;;;;;;;;;;;;x
d_bamberg;Bamberg;;;;;;;;;;;;;x
d_bamberg_adj;Bamberg;;;;;;;;;;;;;x
k_upper_lorraine;Upper Lorraine;;;;;;;;;;;;;x
k_upper_lorraine_adj;Upper Lorrainian;;;;;;;;;;;;;x
d_barleduc;Bar;;;;;;;;;;;;;x
d_barleduc_adj;Bar;;;;;;;;;;;;;x
d_upper_lorraine;Lorraine;;;;;;;;;;;;;x
d_upper_lorraine_adj;Lorrainian;;;;;;;;;;;;;x
d_trier;Treves;;;;;;;;;;;;;x
d_trier_adj;Treves;;;;;;;;;;;;;x
d_zurich;Zürich;;;;;;;;;;;;;x
d_zurich_adj;Zürich;;;;;;;;;;;;;x
d_pfalz;County Palatine of the Rhine;;;;;;;;;;;;;x
d_pfalz_adj;Palatinate;;;;;;;;;;;;;x
k_schwaben;Swabia;;;;;;;;;;;;;x
k_schwaben_adj;Swabian;;;;;;;;;;;;;x
d_burgau;Burgau;;;;;;;;;;;;;x
d_burgau_adj;Burgau;;;;;;;;;;;;;x
d_zahringen;Zähringen;;;;;;;;;;;;;x
d_zahringen_adj;Zähringer;;;;;;;;;;;;;x
d_teck;Teck;;;;;;;;;;;;;x
d_teck_adj;Swabian;;;;;;;;;;;;;x
d_chur;Chur;;;;;;;;;;;;;x
d_chur_adj;Chur;;;;;;;;;;;;;x
d_augsburg;Augsburg;;;;;;;;;;;;;x
d_augsburg_adj;Augsburg;;;;;;;;;;;;;x
k_frisia;Frisia;;;;;;;;;;;;;x
k_frisia_adj;Frisian;;;;;;;;;;;;;x
d_frisia;Frisia;;;;;;;;;;;;;x
d_frisia_adj;Frisian;;;;;;;;;;;;;x
d_utrecht;Utrecht;;;;;;;;;;;;;x
d_utrecht_adj;Utrecht;;;;;;;;;;;;;x
k_burgundy;Burgundy;;;;;;;;;;;;;x
k_burgundy_adj;Burgundian;;;;;;;;;;;;;x
d_upper_burgundy;Upper Burgundy;;;;;;;;;;;;;x
d_upper_burgundy_adj;Burgundian;;;;;;;;;;;;;x
d_lyon;Lyon;;;;;;;;;;;;;x
d_lyon_adj;Lyonnaise;;;;;;;;;;;;;x
d_aosta;Aosta;;;;;;;;;;;;;x
d_aosta_adj;Savoyard;;;;;;;;;;;;;x
d_basel;Basel;;;;;;;;;;;;;x
d_basel_adj;Basel;;;;;;;;;;;;;x
d_arles;Arles;;;;;;;;;;;;;x
d_arles_adj;Arlesian;;;;;;;;;;;;;x
d_provence;Provence;;;;;;;;;;;;;x
d_provence_adj;Provençal;;;;;;;;;;;;;x
k_bohemia;Bohemia;;;;;;;;;;;;;x
k_bohemia_adj;Bohemian;;;;;;;;;;;;;x
d_moravia;Moravia;;;;;;;;;;;;;x
d_bohemia;Bohemia;;;;;;;;;;;;;x
e_carpathia;Hungary;;;;;;;;;;;;;x
e_carpathia_adj;Hungarian;;;;;;;;;;;;;x
k_wallachia;Wallachia;;;;;;;;;;;;;x
k_wallachia_adj;Vlach;;;;;;;;;;;;;x
d_oltenia;Oltenia;;;;;;;;;;;;;x
d_oltenia_adj;Oltenian;;;;;;;;;;;;;x
d_wallachia;Muntenia;;;;;;;;;;;;;x
d_wallachia_adj;Muntenian;;;;;;;;;;;;;x
k_moldau;Moldova;;;;;;;;;;;;;x
k_moldau_adj;Moldovan;;;;;;;;;;;;;x
d_moldau;Upper Country;;;;;;;;;;;;;x
d_moldau_adj;Moldovan;;;;;;;;;;;;;x
d_basarabia;Lower Country;;;;;;;;;;;;;x
d_basarabia_adj;Moldovan;;;;;;;;;;;;;x
k_hungary;Hungary;;;;;;;;;;;;;x
k_hungary_adj;Hungarian;;;;;;;;;;;;;x
d_esztergom;Visegrád;;;;;;;;;;;;;x
d_pecs;Somogy;;;;;;;;;;;;;x
d_pecs_adj;Somogy;;;;;;;;;;;;;x
d_esztergom_adj;Esztergom;;;;;;;;;;;;;x
d_temes;Temes;;;;;;;;;;;;;x
d_temes_adj;Temes;;;;;;;;;;;;;x
d_ungvar_adj;Uzhhorod;;;;;;;;;;;;;x
d_bacs;Bács;;;;;;;;;;;;;x
d_bacs_adj;Bács;;;;;;;;;;;;;x
d_csanad;Csanád;;;;;;;;;;;;;x
d_csanad_adj;Csanád;;;;;;;;;;;;;x
d_csanad_adj_east_gothic;Morisena;;;;;;;;;;;;;x
d_csanad_adj_greek;Morisena;;;;;;;;;;;;;x
d_csanad_adj_roman;Morisena;;;;;;;;;;;;;x
d_pest;Bihar;;;;;;;;;;;;;x
d_pest_adj;Bihar;;;;;;;;;;;;;x
d_transylvania;Transylvania;;;;;;;;;;;;;x
d_transylvania_adj;Transylvanian;;;;;;;;;;;;;x
d_nyitra;Nitra;;;;;;;;;;;;;x
d_nyitra_adj;Nitra;;;;;;;;;;;;;x
d_ujavar;Abaúj;;;;;;;;;;;;;x
d_ujavar_adj;Abaúj;;;;;;;;;;;;;x
d_gyor;Gyõr;;;;;;;;;;;;;x
d_gyor_adj;Gyõr;;;;;;;;;;;;;x
d_syrmia;Syrmia;;;;;;;;;;;;;x
d_syrmia_adj;Syrmian;;;;;;;;;;;;;x
k_croatia;Croatia;;;;;;;;;;;;;x
k_croatia_adj;Croatian;;;;;;;;;;;;;x
d_croatia;Croatia;;;;;;;;;;;;;x
d_croatia_adj;Croatian;;;;;;;;;;;;;x
d_slavonia_adj_greek;Pannonian;;;;;;;;;;;;;x
d_slavonia_adj_armenian;Pannonian;;;;;;;;;;;;;x
d_slavonia_adj_georgian;Pannonian;;;;;;;;;;;;;x
d_slavonia_adj_alan;Pannonian;;;;;;;;;;;;;x
d_slavonia_adj_arberian;Pannonian;;;;;;;;;;;;;x
d_slavonia_adj_roman;Pannonian;;;;;;;;;;;;;x
d_dalmatia;Dalmatia;;;;;;;;;;;;;x
d_dalmatia_adj;Dalmatian;;;;;;;;;;;;;x
d_krk;Krk;;;;;;;;;;;;;x
d_krk_adj;Krk;;;;;;;;;;;;;x
d_dalmatian_islands;Hvar;;;;;;;;;;;;;x
d_dalmatian_islands_adj;Hvar;;;;;;;;;;;;;x
k_bosnia;Bosnia;;;;;;;;;;;;;x
k_bosnia_adj;Bosnian;;;;;;;;;;;;;x
d_bosnia;Bosnia;;;;;;;;;;;;;x
d_bosnia_adj;Bosnian;;;;;;;;;;;;;x
d_usora_i_soli;Usora;;;;;;;;;;;;;x
d_usora_i_soli_adj;Usora;;;;;;;;;;;;;x
e_italy;Italy;;;;;;;;;;;;;x
e_italy_adj;Italian;;;;;;;;;;;;;x
k_italy;Italy;;;;;;;;;;;;;x
k_italy_adj;Italian;;;;;;;;;;;;;x
d_aquileia;Friuli;;;;;;;;;;;;;x
d_aquileia_adj;Friulan;;;;;;;;;;;;;x
d_verona;Verona;;;;;;;;;;;;;x
d_verona_adj;Veronese;;;;;;;;;;;;;x
d_modena;Modena and Reggio;;;;;;;;;;;;;x
d_modena_adj;Modena;;;;;;;;;;;;;x
d_lucca;Lucca;;;;;;;;;;;;;x
d_lucca_adj;Luccan;;;;;;;;;;;;;x
d_sovana;Sovana;;;;;;;;;;;;;x
d_sovana_adj;Sovana;;;;;;;;;;;;;x
d_siena;Siena;;;;;;;;;;;;;x
d_siena_adj;Siena;;;;;;;;;;;;;x
d_mantua;Mantua;;;;;;;;;;;;;x
d_mantua_adj;Mantuan;;;;;;;;;;;;;x
d_parma;Parma;;;;;;;;;;;;;x
d_parma_adj;Parmese;;;;;;;;;;;;;x
d_savona;Savona;;;;;;;;;;;;;x
d_savona_adj;Savonese;;;;;;;;;;;;;x
d_monferrato;Montferrat;;;;;;;;;;;;;x
d_monferrato_adj;Montferrat;;;;;;;;;;;;;x
d_toscana;Florence;;;;;;;;;;;;;x
d_toscana_adj;Florentine;;;;;;;;;;;;;x
d_lombardia;Milan;;;;;;;;;;;;;x
d_lombardia_adj;Milanese;;;;;;;;;;;;;x
d_genoa;Genoa;;;;;;;;;;;;;x
d_genoa_adj;Genoese;;;;;;;;;;;;;x
d_pisa;Pisa;;;;;;;;;;;;;x
d_pisa_adj;Pisan;;;;;;;;;;;;;x
d_massa;Massa;;;;;;;;;;;;;x
d_massa_adj;Massa;;;;;;;;;;;;;x
d_saluzzo;Saluzzo;;;;;;;;;;;;;x
d_saluzzo_adj;Saluzzo;;;;;;;;;;;;;x
d_ivrea;Ivrea;;;;;;;;;;;;;x
d_ivrea_adj;Ivrea;;;;;;;;;;;;;x
k_sardinia;Sardinia;;;;;;;;;;;;;x
k_sardinia_adj;Sardinian;;;;;;;;;;;;;x
d_corsica;Corsica;;;;;;;;;;;;;x
d_corsica_adj;Corsican;;;;;;;;;;;;;x
k_venice;Venice;;;;;;;;;;;;;x
k_venice_adj;Venetian;;;;;;;;;;;;;x
d_venice;Venice;;;;;;;;;;;;;x
d_venice_adj;Venetian;;;;;;;;;;;;;x
k_patrimoniumpetri;Patrimonium Sancti Petri;;;;;;;;;;;;;x
k_patrimoniumpetri_adj;Holy;;;;;;;;;;;;;x
d_ancona;Ancona;;;;;;;;;;;;;x
d_ancona_adj;Ancona;;;;;;;;;;;;;x
d_ravenna;Ravenna;;;;;;;;;;;;;x
d_ravenna_adj;Ravenna;;;;;;;;;;;;;x
d_urbino;Urbino;;;;;;;;;;;;;x
d_urbino_adj;Urbino;;;;;;;;;;;;;x
d_ferrara;Ferrara;;;;;;;;;;;;;x
k_sicily;Sicily;;;;;;;;;;;;;x
k_sicily_adj;Sicilian;;;;;;;;;;;;;x
d_tarent;Taranto;;;;;;;;;;;;;x
d_tarent_adj;Tarantino;;;;;;;;;;;;;x
d_venosa;Venosa;;;;;;;;;;;;;x
d_venosa_adj;Venosa;;;;;;;;;;;;;x
d_napoli;Naples;;;;;;;;;;;;;x
d_napoli_adj;Neapolitan;;;;;;;;;;;;;x
d_capua;Capua;;;;;;;;;;;;;x
d_capua_adj;Capuan;;;;;;;;;;;;;x
d_sicily;Sicily;;;;;;;;;;;;;x
d_sicily_adj;Sicilian;;;;;;;;;;;;;x
d_apulia;Apulia;;;;;;;;;;;;;x
d_apulia_adj;Apulian;;;;;;;;;;;;;x
d_salerno;Salerno;;;;;;;;;;;;;x
d_calabria;Calabria;;;;;;;;;;;;;x
d_calabria_adj;Calabrian;;;;;;;;;;;;;x
d_gaeta;Gaeta;;;;;;;;;;;;;x
d_gaeta_adj;Gaetan;;;;;;;;;;;;;x
d_atri;Atri;;;;;;;;;;;;;x
d_atri_adj;Atri;;;;;;;;;;;;;x
d_bari;Bari;;;;;;;;;;;;;x
d_bari_adj;Bari;;;;;;;;;;;;;x
e_poland;Poland;;;;;;;;;;;;;x
e_poland_adj;Polish;;;;;;;;;;;;;x
k_poland;Poland;;;;;;;;;;;;;x
k_poland_adj;Polish;;;;;;;;;;;;;x
d_greater_poland;Greater Poland;;;;;;;;;;;;;x
d_greater_poland_adj;Greater Polish;;;;;;;;;;;;;x
d_lesser_poland;Lesser Poland;;;;;;;;;;;;;x
d_lesser_poland_adj;Lesser Polish;;;;;;;;;;;;;x
d_mazovia;Mazovia;;;;;;;;;;;;;x
d_mazovia_adj;Mazovian;;;;;;;;;;;;;x
d_kuyavia;Kujawy;;;;;;;;;;;;;x
d_kuyavia_adj;Kujawy;;;;;;;;;;;;;x
d_silesia;Silesia;;;;;;;;;;;;;x
d_silesia_adj;Silesian;;;;;;;;;;;;;x
d_sieradzko-leczyckie;Sieradz-Leczyca;;;;;;;;;;;;;x
d_sieradzko-leczyckie_adj;Sieradz;;;;;;;;;;;;;x
k_lithuania;Lithuania;;;;;;;;;;;;;x
k_lithuania_adj;Lithuanian;;;;;;;;;;;;;x
d_trakai;Trakai;;;;;;;;;;;;;x
d_trakai_adj;Trakai;;;;;;;;;;;;;x
d_prussia;Prussia;;;;;;;;;;;;;x
d_prussia_adj;Prussian;;;;;;;;;;;;;x
d_lithuanians;Lithuania;;;;;;;;;;;;;x
d_lithuanians_adj;Lithuanian;;;;;;;;;;;;;x
e_france;France;;;;;;;;;;;;;x
e_france_adj;French;;;;;;;;;;;;;x
d_aquitaine;Aquitaine;;;;;;;;;;;;;x
d_aquitaine_adj;Aquitainian;;;;;;;;;;;;;x
d_auvergne;Auvergne;;;;;;;;;;;;;x
d_auvergne_adj;Auvergnese;;;;;;;;;;;;;x
d_limousin;Limousin;;;;;;;;;;;;;x
d_limousin_adj;Limousin;;;;;;;;;;;;;x
d_toulouse;Toulouse;;;;;;;;;;;;;x
d_toulouse_adj;Toulouse;;;;;;;;;;;;;x
d_septimania;Septimania;;;;;;;;;;;;;x
d_septimania_adj;Septimanian;;;;;;;;;;;;;x
d_archberry;Berry;;;;;;;;;;;;;x
d_archberry_adj;Berry;;;;;;;;;;;;;x
d_foix;Pyrenees;;;;;;;;;;;;;x
d_foix_adj;Pyrenean;;;;;;;;;;;;;x
d_gevaudan;Gévaudan;;;;;;;;;;;;;x
d_gevaudan_adj;Gévaudan;;;;;;;;;;;;;x
d_poitou_adj;Poitevin;;;;;;;;;;;;;x
d_archreims;Reims;;;;;;;;;;;;;x
d_archreims_adj;Reims;;;;;;;;;;;;;x
d_champagne;Champagne;;;;;;;;;;;;;x
d_champagne_adj;Champagne;;;;;;;;;;;;;x
d_burgundy;Burgundy;;;;;;;;;;;;;x
d_burgundy_adj;Burgundian;;;;;;;;;;;;;x
d_artois;Artois;;;;;;;;;;;;;x
d_artois_adj;Artesian;;;;;;;;;;;;;x
d_alencon;Alençon;;;;;;;;;;;;;x
d_alencon_adj;Alençon;;;;;;;;;;;;;x
d_blois;Blois;;;;;;;;;;;;;x
d_blois_adj;Blois;;;;;;;;;;;;;x
d_rethel;Rethel;;;;;;;;;;;;;x
d_rethel_adj;Rethel;;;;;;;;;;;;;x
d_nevers;Nevers;;;;;;;;;;;;;x
d_nevers_adj;Nevers;;;;;;;;;;;;;x
d_bourbon_adj;Bourbon;;;;;;;;;;;;;x
k_brittany;Brittany;;;;;;;;;;;;;x
k_brittany_adj;Breton;;;;;;;;;;;;;x
d_brittany;Brittany;;;;;;;;;;;;;x
d_brittany_adj;Breton;;;;;;;;;;;;;x
k_saxonengland;England;;;;;;;;;;;;;x
k_saxonengland_adj;English;;;;;;;;;;;;;x
k_sahara;Sahara;;;;;;;;;;;;;x
k_sahara_adj;Saharan;;;;;;;;;;;;;x
d_sahara;Sahara;;;;;;;;;;;;;x
d_sahara_adj;Saharan;;;;;;;;;;;;;x
k_antioch;Antioch;;;;;;;;;;;;;x
k_antioch_adj;Antiochene;;;;;;;;;;;;;x
d_germanias;Germanies;;;;;;;;;;;;;x
d_germanias_adj;Germanies;;;;;;;;;;;;;x
d_diyareast;Diyar Rabi‘a;;;;;;;;;;;;;x
d_diyareast_adj;Rabi‘ah;;;;;;;;;;;;;x
d_jazira;Diyar Mudar;;;;;;;;;;;;;x
d_jazira_adj;Diyar Mudar;;;;;;;;;;;;;x
d_jazira_adj_greek;Euphratensian;;;;;;;;;;;;;x
d_homs;Hims;;;;;;;;;;;;;x
d_homs_adj;Homsi;;;;;;;;;;;;;x
d_homs_adj_greek;Syrian;;;;;;;;;;;;;x
d_jordan;Jordan;;;;;;;;;;;;;x
d_jordan_adj;Jordanian;;;;;;;;;;;;;x
d_jordan_adj_greek;Arabian;;;;;;;;;;;;;x
d_damascus;Damascus;;;;;;;;;;;;;x
d_damascus_adj;Damascene;;;;;;;;;;;;;x
d_damascus_adj_greek;Phoenician;;;;;;;;;;;;;x
d_aleppo;Qinnasrin;;;;;;;;;;;;;x
d_aleppo_adj;Qinnasrin;;;;;;;;;;;;;x
d_aleppo_adj_greek;Syrian;;;;;;;;;;;;;x
k_syria;Syria;;;;;;;;;;;;;x
k_syria_adj;Syrian;;;;;;;;;;;;;x
k_aljazira;Upper Mesopotamia;;;;;;;;;;;;;x
k_aljazira_adj;Upper Mesopotamian;;;;;;;;;;;;;x
k_aljazira_adj_greek;Assyrian;;;;;;;;;;;;;x
d_antioch;Antioch;;;;;;;;;;;;;x
d_antioch_adj;Antiochene;;;;;;;;;;;;;x
d_antioch_adj_bedouin_arabic;al-Awasim;;;;;;;;;;;;;x
d_antioch_adj_maghreb_arabic;al-Awasim;;;;;;;;;;;;;x
d_antioch_adj_levantine_arabic;al-Awasim;;;;;;;;;;;;;x
d_antioch_adj_egyptian_arabic;al-Awasim;;;;;;;;;;;;;x
d_antioch_adj_andalusian_arabic;al-Awasim;;;;;;;;;;;;;x
d_antioch_adj_sicilian_arabic;al-Awasim;;;;;;;;;;;;;x
d_antioch_adj_sanhaja;al-Awasim;;;;;;;;;;;;;x
d_antioch_adj_tagelmust;al-Awasim;;;;;;;;;;;;;x
d_antioch_adj_tuareg;al-Awasim;;;;;;;;;;;;;x
d_antioch_adj_masmuda;al-Awasim;;;;;;;;;;;;;x
d_antioch_adj_zanata;al-Awasim;;;;;;;;;;;;;x
d_edessa_adj_oghuz;Urfan;;;;;;;;;;;;;x
d_edessa_adj_turkmen;Urfan;;;;;;;;;;;;;x
d_edessa_adj_turkish;Urfan;;;;;;;;;;;;;x
d_edessa_adj_kurdish;Urfan;;;;;;;;;;;;;x
d_tripoli_adj_greek;Phoenician;;;;;;;;;;;;;x
e_spain;Spain;;;;;;;;;;;;;x
e_spain_adj;Spanish;;;;;;;;;;;;;x
k_portugal;Portugal;;;;;;;;;;;;;x
k_portugal_adj;Portuguese;;;;;;;;;;;;;x
d_beja;Alentejo;;;;;;;;;;;;;x
d_beja_adj;Alentejo;;;;;;;;;;;;;x
d_algarve;Algarve;;;;;;;;;;;;;x
d_algarve_adj;Algarve;;;;;;;;;;;;;x
d_beira;Beira;;;;;;;;;;;;;x
d_beira_adj;Beira;;;;;;;;;;;;;x
d_portucale;Portugal;;;;;;;;;;;;;x
d_portucale_adj;Portuguese;;;;;;;;;;;;;x
k_aragon;Aragon;;;;;;;;;;;;;x
k_aragon_adj;Aragonese;;;;;;;;;;;;;x
k_castille;Castile;;;;;;;;;;;;;x
k_castille_adj;Castilian;;;;;;;;;;;;;x
k_leon;León;;;;;;;;;;;;;x
k_leon_adj;Leonese;;;;;;;;;;;;;x
k_navarra;Navarre;;;;;;;;;;;;;x
k_navarra_adj;Navarrese;;;;;;;;;;;;;x
d_navarra;Navarre;;;;;;;;;;;;;x
d_navarra_adj;Navarrese;;;;;;;;;;;;;x
k_andalusia;Al-Andalus;;;;;;;;;;;;;x
k_andalusia_adj;Andalusi;;;;;;;;;;;;;x
d_castilla;Castile;;;;;;;;;;;;;x
d_castilla_adj;Castilian;;;;;;;;;;;;;x
d_leon;León;;;;;;;;;;;;;x
d_leon_adj;Leonese;;;;;;;;;;;;;x
d_aragon;Aragon;;;;;;;;;;;;;x
d_aragon_adj;Aragonese;;;;;;;;;;;;;x
d_catalunya_nova;New Catalonia;;;;;;;;;;;;;x
d_catalunya_nova_adj;New Catalan;;;;;;;;;;;;;x
d_catalunya_vella;Old Catalonia;;;;;;;;;;;;;x
d_catalunya_vella_adj;Old Catalan;;;;;;;;;;;;;x
d_la_mancha;La Mancha;;;;;;;;;;;;;x
d_la_mancha_adj;Manchego;;;;;;;;;;;;;x
d_cordoba;Córdoba;;;;;;;;;;;;;x
d_cordoba_adj;Cordoban;;;;;;;;;;;;;x
d_badajoz;Extremadura;;;;;;;;;;;;;x
d_badajoz_adj;Extremaduran;;;;;;;;;;;;;x
d_galicia;Galicia;;;;;;;;;;;;;x
d_galicia_adj;Galician;;;;;;;;;;;;;x
d_granada;Granada;;;;;;;;;;;;;x
d_granada_adj;Granadan;;;;;;;;;;;;;x
d_mallorca;Majorca;;;;;;;;;;;;;x
d_mallorca_adj;Majorcan;;;;;;;;;;;;;x
d_murcia;Murcia;;;;;;;;;;;;;x
d_murcia_adj;Murcian;;;;;;;;;;;;;x
d_najera;Nájera;;;;;;;;;;;;;x
d_najera_adj;Nájera;;;;;;;;;;;;;x
d_ribatejo;Ribatejo;;;;;;;;;;;;;x
d_ribatejo_adj;Ribatejo;;;;;;;;;;;;;x
d_salamanca;Salamanca;;;;;;;;;;;;;x
d_salamanca_adj;Salmantinian;;;;;;;;;;;;;x
d_segovia;Segovia;;;;;;;;;;;;;x
d_segovia_adj;Segovian;;;;;;;;;;;;;x
d_sevilla;Seville;;;;;;;;;;;;;x
d_sevilla_adj;Sevillan;;;;;;;;;;;;;x
d_teruel;Teruel;;;;;;;;;;;;;x
d_teruel_adj;Teruel;;;;;;;;;;;;;x
d_toledo;Toledo;;;;;;;;;;;;;x
d_toledo_adj;Toledan;;;;;;;;;;;;;x
d_valencia;Valencia;;;;;;;;;;;;;x
d_valencia_adj;Valencian;;;;;;;;;;;;;x
d_zaragoza;Zaragoza;;;;;;;;;;;;;x
d_zaragoza_adj;Zaragozan;;;;;;;;;;;;;x
d_tuat;Tuat;;;;;;;;;;;;;x
d_tuat_adj;Tuat;;;;;;;;;;;;;x
d_mzab;M’zab;;;;;;;;;;;;;x
d_mzab_adj;Mozabite;;;;;;;;;;;;;x
d_hoggar;Hoggar;;;;;;;;;;;;;x
d_hoggar_adj;Hoggar;;;;;;;;;;;;;x
d_fezzan;Fezzan;;;;;;;;;;;;;x
d_fezzan_adj;Fezzan;;;;;;;;;;;;;x
d_nafusa;Nafusa Mountains;;;;;;;;;;;;;x
d_nafusa_adj;Nafusa;;;;;;;;;;;;;x
d_tibesti;Tibesti;;;;;;;;;;;;;x
d_tibesti_adj;Tibesti;;;;;;;;;;;;;x
d_kawar;Kaouar;;;;;;;;;;;;;x
d_kawar_adj;Kaouar;;;;;;;;;;;;;x
d_air;Aïr;;;;;;;;;;;;;x
d_air_adj;Aïr;;;;;;;;;;;;;x
d_insalah;In Salah;;;;;;;;;;;;;x
d_insalah_adj;In Salah;;;;;;;;;;;;;x
d_ghadames;Ghadames;;;;;;;;;;;;;x
d_ghadames_adj;Ghadames;;;;;;;;;;;;;x
d_tekkada;Takedda;;;;;;;;;;;;;x
d_tekkada_adj;Takedda;;;;;;;;;;;;;x
d_agades;Agadez;;;;;;;;;;;;;x
d_agades_adj;Agadez;;;;;;;;;;;;;x
d_ghat;Ghat;;;;;;;;;;;;;x
d_ghat_adj;Ghat;;;;;;;;;;;;;x
d_bilma;Bilma;;;;;;;;;;;;;x
d_bilma_adj;Bilma;;;;;;;;;;;;;x
d_gasaga;Gasga;;;;;;;;;;;;;x
d_gasaga_adj;Gasga;;;;;;;;;;;;;x
d_elfasher;Al-Fashir;;;;;;;;;;;;;x
d_elfasher_adj;Al-Fashir;;;;;;;;;;;;;x
d_dongola;Dongola;;;;;;;;;;;;;x
d_dongola_adj;Dongola;;;;;;;;;;;;;x
d_roufra;Kufra;;;;;;;;;;;;;x
d_roufra_adj;Kufra;;;;;;;;;;;;;x
d_awlil;Awlil;;;;;;;;;;;;;x
d_awlil_adj;Awlil;;;;;;;;;;;;;x
d_axum;Aksum;;;;;;;;;;;;;x
k_insalah;In Salah;;;;;;;;;;;;;x
k_insalah_adj;In Salah;;;;;;;;;;;;;x
k_ghadames;Ghadames;;;;;;;;;;;;;x
k_ghadames_adj;Ghadames;;;;;;;;;;;;;x
k_tekkada;Takedda;;;;;;;;;;;;;x
k_tekkada_adj;Takedda;;;;;;;;;;;;;x
k_agades;Agadez;;;;;;;;;;;;;x
k_agades_adj;Agadez;;;;;;;;;;;;;x
k_ghat;Ghat;;;;;;;;;;;;;x
k_ghat_adj;Ghat;;;;;;;;;;;;;x
k_bilma;Bilma;;;;;;;;;;;;;x
k_bilma_adj;Bilma;;;;;;;;;;;;;x
k_gasaga;Gasga;;;;;;;;;;;;;x
k_gasaga_adj;Gasga;;;;;;;;;;;;;x
k_elfasher;Al-Fashir;;;;;;;;;;;;;x
k_elfasher_adj;Al-Fashir;;;;;;;;;;;;;x
k_dongola;Dongola;;;;;;;;;;;;;x
k_dongola_adj;Dongola;;;;;;;;;;;;;x
k_roufra;Kufra;;;;;;;;;;;;;x
k_roufra_adj;Kufra;;;;;;;;;;;;;x
k_awlil;Awlil;;;;;;;;;;;;;x
k_awlil_adj;Awlil;;;;;;;;;;;;;x
d_acre;Acre;;;;;;;;;;;;;x
d_acre_adj;Acre;;;;;;;;;;;;;x
d_acre_adj_greek;Tyrian;;;;;;;;;;;;;x
d_ascalon;Jaffa and Ascalon;;;;;;;;;;;;;x
d_ascalon_adj;Jaffa;;;;;;;;;;;;;x
d_ascalon_adj_greek;Ashkelon;;;;;;;;;;;;;x
d_jerusalem_adj_greek;Palaestina Prima;;;;;;;;;;;;;x
d_galilee;Galilee;;;;;;;;;;;;;x
d_galilee_adj;Palestinian;;;;;;;;;;;;;x
d_galilee_adj_bedouin_arabic;Galilean;;;;;;;;;;;;;x
d_galilee_adj_maghreb_arabic;Galilean;;;;;;;;;;;;;x
d_galilee_adj_levantine_arabic;Galilean;;;;;;;;;;;;;x
d_galilee_adj_egyptian_arabic;Galilean;;;;;;;;;;;;;x
d_galilee_adj_andalusian_arabic;Galilean;;;;;;;;;;;;;x
d_galilee_adj_sicilian_arabic;Galilean;;;;;;;;;;;;;x
d_oultrejourdain_adj_greek;Palestinian;;;;;;;;;;;;;x
k_novgorod;Novgorod;;;;;;;;;;;;;x
k_novgorod_adj;Novgorodian;;;;;;;;;;;;;x
d_novgorod;Novgorod;;;;;;;;;;;;;x
d_novgorod_adj;Novgorodian;;;;;;;;;;;;;x
d_pskov;Pskov;;;;;;;;;;;;;x
d_pskov_adj;Pskovian;;;;;;;;;;;;;x
d_russa;Staraya Russa;;;;;;;;;;;;;x
d_russa_adj;Staraya Russa;;;;;;;;;;;;;x
d_beloozero;Beloozero;;;;;;;;;;;;;x
d_beloozero_adj;Beloozero;;;;;;;;;;;;;x
d_beloozero_adj_finnish;Vesian;;;;;;;;;;;;;x
d_beloozero_adj_mordvin;Vesian;;;;;;;;;;;;;x
d_beloozero_adj_lappish;Vesian;;;;;;;;;;;;;x
d_beloozero_adj_komi;Vesian;;;;;;;;;;;;;x
d_beloozero_adj_karelian;Vesian;;;;;;;;;;;;;x
d_beloozero_adj_samoyed;Vesian;;;;;;;;;;;;;x
d_beloozero_adj_vepsian;Vesian;;;;;;;;;;;;;x
d_beloozero_adj_mari;Vesian;;;;;;;;;;;;;x
d_beloozero_adj_khanty;Vesian;;;;;;;;;;;;;x
d_beloozero_adj_ugricbaltic;Vesian;;;;;;;;;;;;;x
d_beloozero_adj_livonian;Vesian;;;;;;;;;;;;;x
k_vladimir;Vladimir;;;;;;;;;;;;;x
k_vladimir_adj;Vladimir;;;;;;;;;;;;;x
d_tver;Tver;;;;;;;;;;;;;x
d_tver_adj;Tverian;;;;;;;;;;;;;x
d_rostov;Rostov;;;;;;;;;;;;;x
d_rostov_adj;Rostov;;;;;;;;;;;;;x
d_vladimir;Suzdal;;;;;;;;;;;;;x
d_vladimir_adj;Suzdal;;;;;;;;;;;;;x
d_ustyg;Veliky Ustyug;;;;;;;;;;;;;x
d_ustyg_adj;Ustyug;;;;;;;;;;;;;x
d_nizhny_novgorod;Nizhny Novgorod;;;;;;;;;;;;;x
d_nizhny_novgorod_adj;Nizhny Novgorod;;;;;;;;;;;;;x
d_ryazans;Ryazan;;;;;;;;;;;;;x
d_ryazans_adj;Ryazan;;;;;;;;;;;;;x
d_murom;Murom;;;;;;;;;;;;;x
d_murom_adj;Murom;;;;;;;;;;;;;x
d_upper_oka;Upper Oka;;;;;;;;;;;;;x
d_upper_oka_adj;Upper Oka;;;;;;;;;;;;;x
d_moskva;Moscow;;;;;;;;;;;;;x
d_moskva_adj;Muscovite;;;;;;;;;;;;;x
k_polotsk;Polotsk;;;;;;;;;;;;;x
k_polotsk_adj;Polotskian;;;;;;;;;;;;;x
d_polotsk;Polotsk;;;;;;;;;;;;;x
d_polotsk_adj;Polotskian;;;;;;;;;;;;;x
d_minsk;Minsk;;;;;;;;;;;;;x
d_minsk_adj;Minskian;;;;;;;;;;;;;x
k_ruthenia;Kiev;;;;;;;;;;;;;x
k_ruthenia_adj;Kievan;;;;;;;;;;;;;x
d_kiev;Kiev;;;;;;;;;;;;;x
d_kiev_adj;Kievan;;;;;;;;;;;;;x
d_pereyaslavl;Pereyaslavl;;;;;;;;;;;;;x
d_pereyaslavl_adj;Pereyaslavian;;;;;;;;;;;;;x
d_smolensk;Smolensk;;;;;;;;;;;;;x
d_smolensk_adj;Smolenskian;;;;;;;;;;;;;x
d_toropec;Toropets;;;;;;;;;;;;;x
d_toropec_adj;Toropets;;;;;;;;;;;;;x
d_turov;Turov;;;;;;;;;;;;;x
d_turov_adj;Turovian;;;;;;;;;;;;;x
d_novgorod-seversk;Severia;;;;;;;;;;;;;x
d_novgorod-seversk_adj;Severian;;;;;;;;;;;;;x
d_chernigov;Chernigov;;;;;;;;;;;;;x
d_chernigov_adj;Chernigovian;;;;;;;;;;;;;x
d_novosil;Verkhovye;;;;;;;;;;;;;x
d_novosil_adj;Verkhovye;;;;;;;;;;;;;x
k_galicia;Galicia–Volhynia;;;;;;;;;;;;;x
k_galicia_adj;Galician–Volhynian;;;;;;;;;;;;;x
d_galich;Galicia;;;;;;;;;;;;;x
d_galich_adj;Galician;;;;;;;;;;;;;x
d_volhynia;Volhynia;;;;;;;;;;;;;x
d_volhynia_adj;Volhynian;;;;;;;;;;;;;x
d_belz;Belz;;;;;;;;;;;;;x
d_belz_adj;Belz;;;;;;;;;;;;;x
d_podlaise;Podlachia;;;;;;;;;;;;;x
d_podlaise_adj;Podlachian;;;;;;;;;;;;;x
e_russia;Rus’;;;;;;;;;;;;;x
e_russia_adj;Russian;;;;;;;;;;;;;x
e_russia_adj_danish;Gardariki;;;;;;;;;;;;;x
e_russia_adj_norwegian;Gardariki;;;;;;;;;;;;;x
e_russia_adj_swedish;Gardariki;;;;;;;;;;;;;x
e_russia_adj_gothic;Gardariki;;;;;;;;;;;;;x
e_russia_adj_norse;Gardariki;;;;;;;;;;;;;x
e_russia_adj_icelandic;Gardariki;;;;;;;;;;;;;x
e_russia_adj_anglonorse;Gardariki;;;;;;;;;;;;;x
e_mali;Mali;;;;;;;;;;;;;x
e_mali_adj;Malian;;;;;;;;;;;;;x
k_ghana;Ghana;;;;;;;;;;;;;x
k_ghana_adj;Ghanan;;;;;;;;;;;;;x
k_mali;Mali;;;;;;;;;;;;;x
k_mali_adj;Malian;;;;;;;;;;;;;x
d_ghana;Ghana;;;;;;;;;;;;;x
d_ghana_adj;Ghanan;;;;;;;;;;;;;x
d_mema;Méma;;;;;;;;;;;;;x
d_mema_adj;Méma;;;;;;;;;;;;;x
d_tagant;Tagant;;;;;;;;;;;;;x
d_tagant_adj;Tagant;;;;;;;;;;;;;x
d_oualata;Oualata;;;;;;;;;;;;;x
d_oualata_adj;Oualata;;;;;;;;;;;;;x
d_mali;Mali;;;;;;;;;;;;;x
d_mali_adj;Malian;;;;;;;;;;;;;x
d_bambuk;Bambouk;;;;;;;;;;;;;x
d_bambuk_adj;Bambouk;;;;;;;;;;;;;x
d_kala;Kala;;;;;;;;;;;;;x
d_kala_adj;Kala;;;;;;;;;;;;;x
d_wolof;Jolof;;;;;;;;;;;;;x
d_wolof_adj;Jolof;;;;;;;;;;;;;x
k_songhay;Songhay;;;;;;;;;;;;;x
k_songhay_adj;Songhay;;;;;;;;;;;;;x
d_songhay;Songhai;;;;;;;;;;;;;x
d_songhay_adj;Songhai;;;;;;;;;;;;;x
d_mossi;Mossi;;;;;;;;;;;;;x
d_mossi_adj;Mossi;;;;;;;;;;;;;x
e_africa;Africa;;;;;;;;;;;;;x
e_africa_adj;African;;;;;;;;;;;;;x
k_africa;Ifriqiya;;;;;;;;;;;;;x
k_africa_adj;Ifriqiyan;;;;;;;;;;;;;x
k_africa_adj_greek;African;;;;;;;;;;;;;x
k_africa_adj_roman;African;;;;;;;;;;;;;x
k_mauretania;Mauretania;;;;;;;;;;;;;x
k_mauretania_adj;Mauretanian;;;;;;;;;;;;;x
d_tunis;Ifriqiya;;;;;;;;;;;;;x
d_tunis_adj;Ifriqiyan;;;;;;;;;;;;;x
d_tunis_adj_greek;African;;;;;;;;;;;;;x
d_tunis_adj_roman;African;;;;;;;;;;;;;x
d_qamuda;Qammuda;;;;;;;;;;;;;x
d_qamuda_adj;Qammuda;;;;;;;;;;;;;x
d_qamuda_adj_roman;Byzacena;;;;;;;;;;;;;x
d_qamuda_adj_greek;Byzacena;;;;;;;;;;;;;x
d_tripolitania;Tripolitania;;;;;;;;;;;;;x
d_tripolitania_adj;Tripolitanian;;;;;;;;;;;;;x
d_kabylia;Kabylia;;;;;;;;;;;;;x
d_kabylia_adj;Kabyle;;;;;;;;;;;;;x
d_kabylia_adj_greek;Numidian;;;;;;;;;;;;;x
d_kabylia_adj_roman;Numidian;;;;;;;;;;;;;x
d_zab;Zab;;;;;;;;;;;;;x
d_zab_adj;Zab;;;;;;;;;;;;;x
d_zab_adj_greek;Numidian;;;;;;;;;;;;;x
d_zab_adj_roman;Numidian;;;;;;;;;;;;;x
d_alger;Tiaret;;;;;;;;;;;;;x
d_alger_adj;Tiaret;;;;;;;;;;;;;x
d_tlemcen;Tlemcen;;;;;;;;;;;;;x
d_tlemcen_adj;Tlemcenian;;;;;;;;;;;;;x
d_tangiers;Tangier;;;;;;;;;;;;;x
d_tangiers_adj;Tangier;;;;;;;;;;;;;x
d_fes;Fes;;;;;;;;;;;;;x
d_fes_adj;Fes;;;;;;;;;;;;;x
d_marrakech;Marrakesh;;;;;;;;;;;;;x
d_marrakech_adj;Marrakeshi;;;;;;;;;;;;;x
d_draa;Draa;;;;;;;;;;;;;x
d_draa_adj;Draa;;;;;;;;;;;;;x
d_adrar;Adrar;;;;;;;;;;;;;x
d_adrar_adj;Adrar;;;;;;;;;;;;;x
d_taghaza;Taghaza;;;;;;;;;;;;;x
d_taghaza_adj;Taghaza;;;;;;;;;;;;;x
d_takrur;Takrur;;;;;;;;;;;;;x
d_takrur_adj;Takrur;;;;;;;;;;;;;x
k_egypt;Egypt;;;;;;;;;;;;;x
k_egypt_adj;Egyptian;;;;;;;;;;;;;x
d_alexandria;Alexandria;;;;;;;;;;;;;x
d_alexandria_adj;Alexandrian;;;;;;;;;;;;;x
d_alexandria_adj_greek;Egyptian;;;;;;;;;;;;;x
d_damietta;Damietta;;;;;;;;;;;;;x
d_damietta_adj;Damiettan;;;;;;;;;;;;;x
d_damietta_adj_greek;Augustamnica;;;;;;;;;;;;;x
d_cairo;Cairo;;;;;;;;;;;;;x
d_cairo_adj;Cairene;;;;;;;;;;;;;x
d_cairo_adj_greek;Arcadian;;;;;;;;;;;;;x
d_alwahat;Al Wahat;;;;;;;;;;;;;x
d_alwahat_adj;Al Wahat;;;;;;;;;;;;;x
d_aswan;Upper Egypt;;;;;;;;;;;;;x
d_aswan_adj;Upper Egyptian;;;;;;;;;;;;;x
d_aswan_adj_greek;Theban;;;;;;;;;;;;;x
d_cyrenaica;Cyrenaica;;;;;;;;;;;;;x
d_cyrenaica_adj;Cyrenaican;;;;;;;;;;;;;x
d_nubia;Nubia;;;;;;;;;;;;;x
d_nubia_adj;Nubian;;;;;;;;;;;;;x
k_tuat;Tuat;;;;;;;;;;;;;x
k_tuat_adj;Tuat;;;;;;;;;;;;;x
k_hoggar;Hoggar;;;;;;;;;;;;;x
k_hoggar_adj;Hoggar;;;;;;;;;;;;;x
k_air;Aïr;;;;;;;;;;;;;x
k_air_adj;Aïr;;;;;;;;;;;;;x
k_kawar;Kaouar;;;;;;;;;;;;;x
k_kawar_adj;Kaouar;;;;;;;;;;;;;x
k_mzab;M’zab;;;;;;;;;;;;;x
k_mzab_adj;Mozabite;;;;;;;;;;;;;x
k_tibesti;Tibesti;;;;;;;;;;;;;x
k_tibesti_adj;Tibesti;;;;;;;;;;;;;x
k_fezzan;Fezzan;;;;;;;;;;;;;x
k_fezzan_adj;Fezzan;;;;;;;;;;;;;x
k_canarias;Canary Islands;;;;;;;;;;;;;x
k_canarias_adj;Canarian;;;;;;;;;;;;;x
d_canarias;Canary Islands;;;;;;;;;;;;;x
d_canarias_adj;Canarian;;;;;;;;;;;;;x
d_silla;Silla;;;;;;;;;;;;;x
d_silla_adj;Silla;;;;;;;;;;;;;x
k_takrur;Takrur;;;;;;;;;;;;;x
k_takrur_adj;Takrur;;;;;;;;;;;;;x
k_sennar;Sennar;;;;;;;;;;;;;x
k_sennar_adj;Sennar;;;;;;;;;;;;;x
k_maikelebahr;Medri Bahri;;;;;;;;;;;;;x
k_maikelebahr_adj;Medri Bahri;;;;;;;;;;;;;x
d_aydhab;‘Aydhab;;;;;;;;;;;;;x
d_aydhab_adj;‘Aydhab;;;;;;;;;;;;;x
d_alodia;Alodia;;;;;;;;;;;;;x
d_alodia_adj;Alodian;;;;;;;;;;;;;x
d_nobatia;Nobatia;;;;;;;;;;;;;x
d_nobatia_adj;Nobatian;;;;;;;;;;;;;x
k_kanem;Kanem;;;;;;;;;;;;;x
k_kanem_adj;Kanembu;;;;;;;;;;;;;x
k_bornu;Bornu;;;;;;;;;;;;;x
k_bornu_adj;Bornu;;;;;;;;;;;;;x
d_bornu;Bornu;;;;;;;;;;;;;x
d_bornu_adj;Bornu;;;;;;;;;;;;;x
d_kanem;Kanem;;;;;;;;;;;;;x
d_kanem_adj;Kanembu;;;;;;;;;;;;;x
d_wadai;Wadai;;;;;;;;;;;;;x
d_wadai_adj;Wadai;;;;;;;;;;;;;x
k_hausaland;Hausaland;;;;;;;;;;;;;x
k_hausaland_adj;Hausa;;;;;;;;;;;;;x
d_kano;Kano;;;;;;;;;;;;;x
d_kano_adj;Kano;;;;;;;;;;;;;x
d_kebbi;Kebbi;;;;;;;;;;;;;x
d_kebbi_adj;Kebbi;;;;;;;;;;;;;x
d_gobir;Gobir;;;;;;;;;;;;;x
d_gobir_adj;Gobir;;;;;;;;;;;;;x
d_kassala;Kassala;;;;;;;;;;;;;x
d_kassala_adj;Kassala;;;;;;;;;;;;;x
d_darfur;Darfur;;;;;;;;;;;;;x
d_darfur_adj;Darfuri;;;;;;;;;;;;;x
k_darfur;Darfur;;;;;;;;;;;;;x
k_darfur_adj;Darfuri;;;;;;;;;;;;;x
d_amhara;Amhara;;;;;;;;;;;;;x
d_amhara_adj;Amhara;;;;;;;;;;;;;x
d_damot;Damot;;;;;;;;;;;;;x
d_damot_adj;Damot;;;;;;;;;;;;;x
d_badi;Badi;;;;;;;;;;;;;x
d_badi_adj;Badi;;;;;;;;;;;;;x
d_afar;Afar;;;;;;;;;;;;;x
d_afar_adj;Afar;;;;;;;;;;;;;x
d_ifat;Ifat;;;;;;;;;;;;;x
d_ifat_adj;Ifat;;;;;;;;;;;;;x
d_berbera;Berbera;;;;;;;;;;;;;x
d_berbera_adj;Berbera;;;;;;;;;;;;;x
d_tedjoura;Tadjoura;;;;;;;;;;;;;x
d_tedjoura_adj;Tadjoura;;;;;;;;;;;;;x
k_adal;Adal;;;;;;;;;;;;;x
k_adal_adj;Adalite;;;;;;;;;;;;;x
e_britannia;Britannia;;;;;;;;;;;;;x
e_britannia_adj;British;;;;;;;;;;;;;x
e_britannia_adj_cumbric;Briton;;;;;;;;;;;;;x
e_britannia_adj_welsh;Briton;;;;;;;;;;;;;x
k_england_adj_irish;Logres;;;;;;;;;;;;;x
k_england_adj_scottish;Logres;;;;;;;;;;;;;x
k_england_adj_cumbric;Logres;;;;;;;;;;;;;x
k_england_adj_welsh;Logres;;;;;;;;;;;;;x
k_england_adj_breton;Logres;;;;;;;;;;;;;x
k_england_adj_cornish;Logres;;;;;;;;;;;;;x
d_hereford;Mercia;;;;;;;;;;;;;x
d_hereford_adj;Mercian;;;;;;;;;;;;;x
d_hereford_adj_english;Herefordian;;;;;;;;;;;;;x
d_hereford_adj_irish;Dobunnic;;;;;;;;;;;;;x
d_hereford_adj_scottish;Dobunnic;;;;;;;;;;;;;x
d_hereford_adj_cumbric;Dobunnic;;;;;;;;;;;;;x
d_hereford_adj_welsh;Dobunnic;;;;;;;;;;;;;x
d_hereford_adj_breton;Dobunnic;;;;;;;;;;;;;x
d_hereford_adj_cornish;Dobunnic;;;;;;;;;;;;;x
d_channel_islands;Channel Islands;;;;;;;;;;;;;x
d_channel_islands_adj;Channel Islands;;;;;;;;;;;;;x
d_cornwall;Cornwall;;;;;;;;;;;;;x
d_cornwall_adj;Cornish;;;;;;;;;;;;;x
d_cornwall_adj_irish;Dumnonian;;;;;;;;;;;;;x
d_cornwall_adj_scottish;Dumnonian;;;;;;;;;;;;;x
d_cornwall_adj_breton;Dumnonian;;;;;;;;;;;;;x
d_cornwall_adj_cornish;Dumnonian;;;;;;;;;;;;;x
d_cornwall_adj_cumbric;Dumnonian;;;;;;;;;;;;;x
d_cornwall_adj_welsh;Dumnonian;;;;;;;;;;;;;x
d_norfolk;East Anglia;;;;;;;;;;;;;x
d_norfolk_adj;East Anglian;;;;;;;;;;;;;x
d_norfolk_adj_english;Norfolkian;;;;;;;;;;;;;x
d_norfolk_adj_cornish;Venta;;;;;;;;;;;;;x
d_norfolk_adj_breton;Venta;;;;;;;;;;;;;x
d_norfolk_adj_welsh;Venta;;;;;;;;;;;;;x
d_norfolk_adj_cumbric;Venta;;;;;;;;;;;;;x
d_norfolk_adj_irish;Venta;;;;;;;;;;;;;x
d_norfolk_adj_scottish;Venta;;;;;;;;;;;;;x
d_essex;Essex;;;;;;;;;;;;;x
d_essex_adj;Essex;;;;;;;;;;;;;x
d_essex_adj_cornish;Colchester;;;;;;;;;;;;;x
d_essex_adj_breton;Colchester;;;;;;;;;;;;;x
d_essex_adj_welsh;Colchester;;;;;;;;;;;;;x
d_essex_adj_cumbric;Colchester;;;;;;;;;;;;;x
d_essex_adj_irish;Colchester;;;;;;;;;;;;;x
d_essex_adj_scottish;Colchester;;;;;;;;;;;;;x
d_fivebouroughs;Lincoln;;;;;;;;;;;;;x
d_fivebouroughs_adj;Lincoln;;;;;;;;;;;;;x
d_fivebouroughs_adj_norse;Five Bouroughs;;;;;;;;;;;;;x
d_fivebouroughs_adj_norwegian;Five Bouroughs;;;;;;;;;;;;;x
d_fivebouroughs_adj_icelandic;Five Bouroughs;;;;;;;;;;;;;x
d_fivebouroughs_adj_swedish;Five Bouroughs;;;;;;;;;;;;;x
d_fivebouroughs_adj_norsegaelic;Five Bouroughs;;;;;;;;;;;;;x
d_fivebouroughs_adj_gothic;Five Bouroughs;;;;;;;;;;;;;x
d_fivebouroughs_adj_danish;Five Bouroughs;;;;;;;;;;;;;x
d_fivebouroughs_adj_saxon;Lindsey;;;;;;;;;;;;;x
d_fivebouroughs_adj_anglonorse;Five Bouroughs;;;;;;;;;;;;;x
d_fivebouroughs_adj_irish;Elmet;;;;;;;;;;;;;x
d_fivebouroughs_adj_cumbric;Elmet;;;;;;;;;;;;;x
d_fivebouroughs_adj_welsh;Elmet;;;;;;;;;;;;;x
d_fivebouroughs_adj_breton;Elmet;;;;;;;;;;;;;x
d_fivebouroughs_adj_cornish;Elmet;;;;;;;;;;;;;x
d_fivebouroughs_adj_scottish;Elmet;;;;;;;;;;;;;x
d_canterbury;Kent;;;;;;;;;;;;;x
d_canterbury_adj;Kentish;;;;;;;;;;;;;x
d_canterbury_adj_english;Surrey;;;;;;;;;;;;;x
d_lancaster;Lancaster;;;;;;;;;;;;;x
d_lancaster_adj;Lancastrian;;;;;;;;;;;;;x
d_lancaster_adj_irish;Rhegedian;;;;;;;;;;;;;x
d_lancaster_adj_welsh;Rhegedian;;;;;;;;;;;;;x
d_lancaster_adj_cumbric;Rhegedian;;;;;;;;;;;;;x
d_lancaster_adj_breton;Rhegedian;;;;;;;;;;;;;x
d_lancaster_adj_cornish;Rhegedian;;;;;;;;;;;;;x
d_lancaster_adj_scottish;Rhegedian;;;;;;;;;;;;;x
d_bedford;Middle Anglia;;;;;;;;;;;;;x
d_bedford_adj;Middle Anglian;;;;;;;;;;;;;x
d_bedford_adj_english;Bedford;;;;;;;;;;;;;x
d_bedford_adj_irish;Calchfynydd;;;;;;;;;;;;;x
d_bedford_adj_cumbric;Calchfynydd;;;;;;;;;;;;;x
d_bedford_adj_welsh;Calchfynydd;;;;;;;;;;;;;x
d_bedford_adj_breton;Calchfynydd;;;;;;;;;;;;;x
d_bedford_adj_cornish;Calchfynydd;;;;;;;;;;;;;x
d_bedford_adj_scottish;Calchfynydd;;;;;;;;;;;;;x
d_northumberland;Northumberland;;;;;;;;;;;;;x
d_northumberland_adj;Northumbrian;;;;;;;;;;;;;x
d_northumberland_adj_cumbric;Bernician;;;;;;;;;;;;;x
d_northumberland_adj_welsh;Bernician;;;;;;;;;;;;;x
d_northumberland_adj_irish;Bernician;;;;;;;;;;;;;x
d_northumberland_adj_scottish;Bernician;;;;;;;;;;;;;x
d_northumberland_adj_cornish;Bernician;;;;;;;;;;;;;x
d_northumberland_adj_breton;Bernician;;;;;;;;;;;;;x
d_somerset;Wessex;;;;;;;;;;;;;x
d_somerset_adj;Wessexian;;;;;;;;;;;;;x
d_somerset_adj_english;Somerset;;;;;;;;;;;;;x
d_somerset_adj_irish;Wintonian;;;;;;;;;;;;;x
d_somerset_adj_scottish;Wintonian;;;;;;;;;;;;;x
d_somerset_adj_cumbric;Wintonian;;;;;;;;;;;;;x
d_somerset_adj_welsh;Wintonian;;;;;;;;;;;;;x
d_somerset_adj_breton;Wintonian;;;;;;;;;;;;;x
d_somerset_adj_cornish;Wintonian;;;;;;;;;;;;;x
d_york;York;;;;;;;;;;;;;x
d_york_adj;Yorkist;;;;;;;;;;;;;x
d_york_adj_norse;York;;;;;;;;;;;;;x
d_york_adj_norwegian;York;;;;;;;;;;;;;x
d_york_adj_icelandic;York;;;;;;;;;;;;;x
d_york_adj_norsegaelic;York;;;;;;;;;;;;;x
d_york_adj_swedish;York;;;;;;;;;;;;;x
d_york_adj_gothic;York;;;;;;;;;;;;;x
d_york_adj_danish;York;;;;;;;;;;;;;x
d_york_adj_saxon;York;;;;;;;;;;;;;x
d_york_adj_anglonorse;York;;;;;;;;;;;;;x
d_york_adj_cumbric;Deiran;;;;;;;;;;;;;x
d_york_adj_welsh;Deiran;;;;;;;;;;;;;x
d_york_adj_irish;Deiran;;;;;;;;;;;;;x
d_york_adj_cornish;Deiran;;;;;;;;;;;;;x
d_york_adj_scottish;Deiran;;;;;;;;;;;;;x
d_york_adj_breton;Deiran;;;;;;;;;;;;;x
k_ireland;Ireland;;;;;;;;;;;;;x
k_ireland_adj;Irish;;;;;;;;;;;;;x
d_oneill;O’Neill;;;;;;;;;;;;;x
d_oneill_adj;O’Neill;;;;;;;;;;;;;x
d_airgialla;Oriel;;;;;;;;;;;;;x
d_airgialla_adj;Oriel;;;;;;;;;;;;;x
d_breifne;Breffny;;;;;;;;;;;;;x
d_breifne_adj;Breffny;;;;;;;;;;;;;x
d_thomond;Thomond;;;;;;;;;;;;;x
d_thomond_adj;Thomondian;;;;;;;;;;;;;x
d_ossory;Ossory;;;;;;;;;;;;;x
d_ossory_adj;Ossorian;;;;;;;;;;;;;x
d_meath;Meath;;;;;;;;;;;;;x
d_meath_adj;Meathian;;;;;;;;;;;;;x
k_ellan_vannin;The Isles;;;;;;;;;;;;;x
k_ellan_vannin_adj;Isles;;;;;;;;;;;;;x
k_ellan_vannin_adj_irish;Dál Riata;;;;;;;;;;;;;x
d_ellan_vannin;Isle of Man;;;;;;;;;;;;;x
d_ellan_vannin_adj;Manx;;;;;;;;;;;;;x
d_western_isles;Outer Hebrides;;;;;;;;;;;;;x
d_western_isles_adj;Outer Hebridean;;;;;;;;;;;;;x
d_western_isles_adj_norwegian;Hebridean;;;;;;;;;;;;;x
d_western_isles_adj_icelandic;Hebridean;;;;;;;;;;;;;x
d_western_isles_adj_norsegaelic;Hebridean;;;;;;;;;;;;;x
d_western_isles_adj_swedish;Hebridean;;;;;;;;;;;;;x
d_western_isles_adj_gothic;Hebridean;;;;;;;;;;;;;x
d_western_isles_adj_norse;Hebridean;;;;;;;;;;;;;x
d_western_isles_adj_danish;Hebridean;;;;;;;;;;;;;x
d_hebrides;Inner Hebrides;;;;;;;;;;;;;x
d_hebrides_adj;Inner Hebridean;;;;;;;;;;;;;x
d_hebrides_adj_norwegian;Lochlann;;;;;;;;;;;;;x
d_hebrides_adj_icelandic;Lochlann;;;;;;;;;;;;;x
d_hebrides_adj_norsegaelic;Lochlann;;;;;;;;;;;;;x
d_hebrides_adj_swedish;Lochlann;;;;;;;;;;;;;x
d_hebrides_adj_gothic;Lochlann;;;;;;;;;;;;;x
d_hebrides_adj_norse;Lochlann;;;;;;;;;;;;;x
d_hebrides_adj_danish;Lochlann;;;;;;;;;;;;;x
d_hebrides_adj_cumbric;Argyll;;;;;;;;;;;;;x
d_hebrides_adj_welsh;Argyll;;;;;;;;;;;;;x
d_hebrides_adj_irish;Argyll;;;;;;;;;;;;;x
d_hebrides_adj_cornish;Argyll;;;;;;;;;;;;;x
d_hebrides_adj_scottish;Argyll;;;;;;;;;;;;;x
d_hebrides_adj_breton;Argyll;;;;;;;;;;;;;x
d_orkney;Orkney;;;;;;;;;;;;;x
d_orkney_adj;Orcadian;;;;;;;;;;;;;x
d_orkney_adj_norwegian;Northern Isles;;;;;;;;;;;;;x
d_orkney_adj_icelandic;Northern Isles;;;;;;;;;;;;;x
d_orkney_adj_norsegaelic;Northern Isles;;;;;;;;;;;;;x
d_orkney_adj_swedish;Northern Isles;;;;;;;;;;;;;x
d_orkney_adj_gothic;Northern Isles;;;;;;;;;;;;;x
d_orkney_adj_norse;Northern Isles;;;;;;;;;;;;;x
d_orkney_adj_danish;Northern Isles;;;;;;;;;;;;;x
k_scotland;Scotland;;;;;;;;;;;;;x
k_scotland_adj_norwegian;Scottish;;;;;;;;;;;;;x
k_scotland_adj_icelandic;Scottish;;;;;;;;;;;;;x
k_scotland_adj_norsegaelic;Scottish;;;;;;;;;;;;;x
k_scotland_adj_swedish;Scottish;;;;;;;;;;;;;x
k_scotland_adj_gothic;Scottish;;;;;;;;;;;;;x
k_scotland_adj_norse;Scottish;;;;;;;;;;;;;x
k_scotland_adj_danish;Scottish;;;;;;;;;;;;;x
k_scotland_adj_english;Scottish;;;;;;;;;;;;;x
k_scotland_adj_saxon;Scottish;;;;;;;;;;;;;x
d_galloway;Galloway;;;;;;;;;;;;;x
d_galloway_adj;Galloway;;;;;;;;;;;;;x
d_galloway_adj_welsh;Galloway;;;;;;;;;;;;;x
d_lothian;Lothian;;;;;;;;;;;;;x
d_lothian_adj;Lothian;;;;;;;;;;;;;x
d_albany;Albany;;;;;;;;;;;;;x
d_albany_adj;Albany;;;;;;;;;;;;;x
d_albany_adj_cumbric;Kincardine;;;;;;;;;;;;;x
d_albany_adj_welsh;Kincardine;;;;;;;;;;;;;x
d_albany_adj_irish;Kincardine;;;;;;;;;;;;;x
d_albany_adj_cornish;Kincardine;;;;;;;;;;;;;x
d_albany_adj_scottish;Kincardine;;;;;;;;;;;;;x
d_albany_adj_breton;Kincardine;;;;;;;;;;;;;x
d_moray;Moray;;;;;;;;;;;;;x
d_moray_adj;Moray;;;;;;;;;;;;;x
d_aberdeen;Aberdeen;;;;;;;;;;;;;x
d_aberdeen_adj;Aberdeen;;;;;;;;;;;;;x
d_sutherland;Sutherland;;;;;;;;;;;;;x
d_sutherland_adj;Sutherland;;;;;;;;;;;;;x
d_strathclyde;Strathclyde;;;;;;;;;;;;;x
d_strathclyde_adj;Strathclyde;;;;;;;;;;;;;x
k_wales;Wales;;;;;;;;;;;;;x
k_wales_adj;Welsh;;;;;;;;;;;;;x
d_deheubarth;Deheubarth;;;;;;;;;;;;;x
d_deheubarth_adj;Deheubarth;;;;;;;;;;;;;x
d_gwynedd;Gwynedd;;;;;;;;;;;;;x
d_gwynedd_adj;Gwyneddian;;;;;;;;;;;;;x
d_morgannwg;Glamorgan;;;;;;;;;;;;;x
d_morgannwg_adj;Glamorgan;;;;;;;;;;;;;x
d_powys;Powys;;;;;;;;;;;;;x
d_powys_adj;Powys;;;;;;;;;;;;;x
d_ragusa;Dubrovnik;;;;;;;;;;;;;x
d_ragusa_adj;Dubrovnikan;;;;;;;;;;;;;x
d_ragusa_adj_italian;Ragusan;;;;;;;;;;;;;x
d_ragusa_adj_venetian;Ragusan;;;;;;;;;;;;;x
d_ragusa_adj_ligurian;Ragusan;;;;;;;;;;;;;x
d_ragusa_adj_laziale;Ragusan;;;;;;;;;;;;;x
d_ragusa_adj_southern_italian;Ragusan;;;;;;;;;;;;;x
d_ragusa_adj_tuscan;Ragusan;;;;;;;;;;;;;x
d_ragusa_adj_neapolitan;Ragusan;;;;;;;;;;;;;x
d_ragusa_adj_umbrian;Ragusan;;;;;;;;;;;;;x
d_ragusa_adj_sardinian;Ragusan;;;;;;;;;;;;;x
d_ragusa_adj_sicilian;Ragusan;;;;;;;;;;;;;x
d_ragusa_adj_roman;Ragusian;;;;;;;;;;;;;x
d_ragusa_adj_greek;Ragusan;;;;;;;;;;;;;x
d_ragusa_adj_arberian;Ragusan;;;;;;;;;;;;;x
d_ragusa_adj_armenian;Ragusan;;;;;;;;;;;;;x
d_ragusa_adj_georgian;Ragusan;;;;;;;;;;;;;x
d_ragusa_adj_alan;Ragusan;;;;;;;;;;;;;x
d_ragusa_adj_frankish;Ragusan;;;;;;;;;;;;;x
d_ragusa_adj_norman;Ragusan;;;;;;;;;;;;;x
d_ragusa_adj_arpitan;Ragusan;;;;;;;;;;;;;x
d_ragusa_adj_occitan;Ragusan;;;;;;;;;;;;;x
d_ragusa_adj_german;Ragusan;;;;;;;;;;;;;x
k_ragusa;Dubrovnik;;;;;;;;;;;;;x
k_ragusa_adj;Dubrovnikan;;;;;;;;;;;;;x
k_ragusa_adj_italian;Ragusan;;;;;;;;;;;;;x
k_ragusa_adj_venetian;Ragusan;;;;;;;;;;;;;x
k_ragusa_adj_ligurian;Ragusan;;;;;;;;;;;;;x
k_ragusa_adj_laziale;Ragusan;;;;;;;;;;;;;x
k_ragusa_adj_southern_italian;Ragusan;;;;;;;;;;;;;x
k_ragusa_adj_tuscan;Ragusan;;;;;;;;;;;;;x
k_ragusa_adj_neapolitan;Ragusan;;;;;;;;;;;;;x
k_ragusa_adj_umbrian;Ragusan;;;;;;;;;;;;;x
k_ragusa_adj_sardinian;Ragusan;;;;;;;;;;;;;x
k_ragusa_adj_sicilian;Ragusan;;;;;;;;;;;;;x
k_ragusa_adj_roman;Ragusian;;;;;;;;;;;;;x
k_ragusa_adj_greek;Ragusan;;;;;;;;;;;;;x
k_ragusa_adj_arberian;Ragusan;;;;;;;;;;;;;x
k_ragusa_adj_armenian;Ragusan;;;;;;;;;;;;;x
k_ragusa_adj_georgian;Ragusan;;;;;;;;;;;;;x
k_ragusa_adj_alan;Ragusan;;;;;;;;;;;;;x
k_ragusa_adj_frankish;Ragusan;;;;;;;;;;;;;x
k_ragusa_adj_norman;Ragusan;;;;;;;;;;;;;x
k_ragusa_adj_arpitan;Ragusan;;;;;;;;;;;;;x
k_ragusa_adj_occitan;Ragusan;;;;;;;;;;;;;x
k_ragusa_adj_german;Ragusian;;;;;;;;;;;;;x
k_serbia;Serbia;;;;;;;;;;;;;x
k_serbia_adj;Serbian;;;;;;;;;;;;;x
d_rashka;Rascia;;;;;;;;;;;;;x
d_rashka_adj;Rascian;;;;;;;;;;;;;x
d_rashka_adj_roman;Moesian;;;;;;;;;;;;;x
d_macva;Macva;;;;;;;;;;;;;x
d_macva_adj;Macva;;;;;;;;;;;;;x
d_macva_adj_greek;Užice;;;;;;;;;;;;;x
d_macva_adj_east_gothic;Užice;;;;;;;;;;;;;x
d_hum;Zachlumia;;;;;;;;;;;;;x
d_hum_adj;Zachlumian;;;;;;;;;;;;;x
d_dioclea;Zeta;;;;;;;;;;;;;x
d_dioclea_adj;Zeta;;;;;;;;;;;;;x
d_dioclea_adj_greek;Dukljan;;;;;;;;;;;;;x
d_dioclea_adj_arberian;Dukljan;;;;;;;;;;;;;x
d_dioclea_adj_roman;Dukljan;;;;;;;;;;;;;x
d_dioclea_adj_armenian;Dukljan;;;;;;;;;;;;;x
d_dioclea_adj_georgian;Dukljan;;;;;;;;;;;;;x
d_dioclea_adj_alan;Dukljan;;;;;;;;;;;;;x
d_dioclea_adj_oghuz;Shkodër;;;;;;;;;;;;;x
d_dioclea_adj_turkmen;Shkodër;;;;;;;;;;;;;x
d_dioclea_adj_turkish;Shkodër;;;;;;;;;;;;;x
k_bulgaria;Bulgaria;;;;;;;;;;;;;x
k_bulgaria_adj;Bulgarian;;;;;;;;;;;;;x
d_ohrid;Ohrid;;;;;;;;;;;;;x
d_ohrid_adj;Ohrid;;;;;;;;;;;;;x
d_ohrid_adj_greek;Bulgarian;;;;;;;;;;;;;x
d_ohrid_adj_arberian;Bulgarian;;;;;;;;;;;;;x
d_ohrid_adj_armenian;Bulgarian;;;;;;;;;;;;;x
d_ohrid_adj_georgian;Bulgarian;;;;;;;;;;;;;x
d_ohrid_adj_alan;Bulgarian;;;;;;;;;;;;;x
d_ohrid_adj_oghuz;Skopjan;;;;;;;;;;;;;x
d_ohrid_adj_turkmen;Skopjan;;;;;;;;;;;;;x
d_ohrid_adj_turkish;Skopjan;;;;;;;;;;;;;x
d_turnovo;Veliko Tarnovo;;;;;;;;;;;;;x
d_turnovo_adj;Veliko Tarnovo;;;;;;;;;;;;;x
d_turnovo_adj_greek;Paristrion;;;;;;;;;;;;;x
d_turnovo_adj_armenian;Paristrion;;;;;;;;;;;;;x
d_turnovo_adj_arberian;Paristrion;;;;;;;;;;;;;x
d_turnovo_adj_georgian;Paristrion;;;;;;;;;;;;;x
d_turnovo_adj_alan;Paristrion;;;;;;;;;;;;;x
d_turnovo_adj_oghuz;Nikopol;;;;;;;;;;;;;x
d_turnovo_adj_turkmen;Nikopol;;;;;;;;;;;;;x
d_turnovo_adj_turkish;Nikopol;;;;;;;;;;;;;x
d_karvuna;Dobruja;;;;;;;;;;;;;x
d_karvuna_adj;Dobrujan;;;;;;;;;;;;;x
d_karvuna_adj_greek;Scythian;;;;;;;;;;;;;x
d_karvuna_adj_armenian;Scythian;;;;;;;;;;;;;x
d_karvuna_adj_georgian;Scythian;;;;;;;;;;;;;x
d_karvuna_adj_alan;Scythian;;;;;;;;;;;;;x
d_karvuna_adj_arberian;Scythian;;;;;;;;;;;;;x
d_vidin;Vidin;;;;;;;;;;;;;x
d_vidin_adj;Vidin;;;;;;;;;;;;;x
d_adrianopolis;Plovdiv;;;;;;;;;;;;;x
d_adrianopolis_adj;Plovdiv;;;;;;;;;;;;;x
d_adrianopolis_adj_greek;Macedonian;;;;;;;;;;;;;x
d_adrianopolis_adj_arberian;Macedonian;;;;;;;;;;;;;x
d_adrianopolis_adj_armenian;Macedonian;;;;;;;;;;;;;x
d_adrianopolis_adj_alan;Macedonian;;;;;;;;;;;;;x
d_adrianopolis_adj_georgian;Macedonian;;;;;;;;;;;;;x
d_adrianopolis_adj_oghuz;Rumelian;;;;;;;;;;;;;x
d_adrianopolis_adj_turkmen;Rumelian;;;;;;;;;;;;;x
d_adrianopolis_adj_turkish;Rumelian;;;;;;;;;;;;;x
d_adrianopolis_adj_maghreb_arabic;Macedonian;;;;;;;;;;;;;x
d_adrianopolis_adj_levantine_arabic;Macedonian;;;;;;;;;;;;;x
d_adrianopolis_adj_egyptian_arabic;Macedonian;;;;;;;;;;;;;x
d_adrianopolis_adj_sicilian_arabic;Macedonian;;;;;;;;;;;;;x
d_adrianopolis_adj_andalusian_arabic;Macedonian;;;;;;;;;;;;;x
d_adrianopolis_adj_bedouin_arabic;Macedonian;;;;;;;;;;;;;x
d_adrianopolis_adj_sanhaja;Macedonian;;;;;;;;;;;;;x
d_adrianopolis_adj_tagelmust;Macedonian;;;;;;;;;;;;;x
d_adrianopolis_adj_tuareg;Macedonian;;;;;;;;;;;;;x
d_adrianopolis_adj_masmuda;Macedonian;;;;;;;;;;;;;x
d_adrianopolis_adj_zanata;Macedonian;;;;;;;;;;;;;x
e_byzantium;Byzantine Empire;;;;;;;;;;;;;x
e_byzantium_adj;Byzantine;;;;;;;;;;;;;x
k_byzantium;Thessalonica;;;;;;;;;;;;;x
k_byzantium_adj;Thessalonian;;;;;;;;;;;;;x
k_anatolia;Konya;;;;;;;;;;;;;x
k_anatolia_adj;Konya;;;;;;;;;;;;;x
k_anatolia_adj_oghuz;Rûm;;;;;;;;;;;;;x
k_anatolia_adj_turkmen;Rûm;;;;;;;;;;;;;x
k_anatolia_adj_turkish;Rûm;;;;;;;;;;;;;x
k_anatolia_adj_frankish;Anatolian;;;;;;;;;;;;;x
k_anatolia_adj_norman;Anatolian;;;;;;;;;;;;;x
k_nikaea;Nicaea;;;;;;;;;;;;;x
k_nikaea_adj;Nicaean;;;;;;;;;;;;;x
k_epirus;Epirus;;;;;;;;;;;;;x
k_epirus_adj;Epirote;;;;;;;;;;;;;x
k_cilician;Cilicia;;;;;;;;;;;;;x
k_cilician_adj;Cilician;;;;;;;;;;;;;x
k_candia;Crete;;;;;;;;;;;;;x
k_candia_adj;Cretan;;;;;;;;;;;;;x
k_achaea_adj;Morean;;;;;;;;;;;;;x
k_achaea_adj_dalmatian;Achaean;;;;;;;;;;;;;x
k_achaea_adj_venetian;Achaean;;;;;;;;;;;;;x
k_achaea_adj_ligurian;Achaean;;;;;;;;;;;;;x
k_achaea_adj_laziale;Achaean;;;;;;;;;;;;;x
k_achaea_adj_southern_italian;Achaean;;;;;;;;;;;;;x
k_achaea_adj_tuscan;Achaean;;;;;;;;;;;;;x
k_achaea_adj_neapolitan;Achaean;;;;;;;;;;;;;x
k_achaea_adj_umbrian;Achaean;;;;;;;;;;;;;x
k_achaea_adj_sardinian;Achaean;;;;;;;;;;;;;x
k_achaea_adj_sicilian;Achaean;;;;;;;;;;;;;x
k_achaea_adj_italian;Achaean;;;;;;;;;;;;;x
k_achaea_adj_frankish;Achaean;;;;;;;;;;;;;x
k_achaea_adj_norman;Achaean;;;;;;;;;;;;;x
k_achaea;Morea;;;;;;;;;;;;;x
k_cyprus;Cyprus;;;;;;;;;;;;;x
k_cyprus_adj;Cypriot;;;;;;;;;;;;;x
k_trebizond;Trebizond;;;;;;;;;;;;;x
k_trebizond_adj;Trapezuntine;;;;;;;;;;;;;x
d_dyrrachion_adj;Dyrrhachium;;;;;;;;;;;;;x
d_dyrrachion_adj_oghuz;Durrës;;;;;;;;;;;;;x
d_dyrrachion_adj_turkmen;Durrës;;;;;;;;;;;;;x
d_dyrrachion_adj_turkish;Durrës;;;;;;;;;;;;;x
d_dyrrachion_adj_arberian;Durrës;;;;;;;;;;;;;x
d_dyrrachion_adj_dalmatian;Durazzo;;;;;;;;;;;;;x
d_dyrrachion_adj_venetian;Durazzo;;;;;;;;;;;;;x
d_dyrrachion_adj_ligurian;Durazzo;;;;;;;;;;;;;x
d_dyrrachion_adj_laziale;Durazzo;;;;;;;;;;;;;x
d_dyrrachion_adj_southern_italian;Durazzo;;;;;;;;;;;;;x
d_dyrrachion_adj_tuscan;Durazzo;;;;;;;;;;;;;x
d_dyrrachion_adj_neapolitan;Durazzo;;;;;;;;;;;;;x
d_dyrrachion_adj_umbrian;Durazzo;;;;;;;;;;;;;x
d_dyrrachion_adj_sardinian;Durazzo;;;;;;;;;;;;;x
d_dyrrachion_adj_sicilian;Durazzo;;;;;;;;;;;;;x
d_dyrrachion_adj_italian;Durazzo;;;;;;;;;;;;;x
d_dyrrachion;Dyrrhachium;;;;;;;;;;;;;x
d_epirus_adj;Nicopolitan;;;;;;;;;;;;;x
d_epirus_adj_oghuz;Ioanninan;;;;;;;;;;;;;x
d_epirus_adj_turkmen;Ioanninan;;;;;;;;;;;;;x
d_epirus_adj_turkish;Ioanninan;;;;;;;;;;;;;x
d_epirus;Nicopolis;;;;;;;;;;;;;x
d_cephalonia_adj;Cephallenian;;;;;;;;;;;;;x
d_cephalonia_adj_oghuz;Ionian Islands;;;;;;;;;;;;;x
d_cephalonia_adj_turkmen;Ionian Islands;;;;;;;;;;;;;x
d_cephalonia_adj_turkish;Ionian Islands;;;;;;;;;;;;;x
d_cephalonia;Cephallenia;;;;;;;;;;;;;x
d_athens_adj;Hellas;;;;;;;;;;;;;x
d_athens_adj_oghuz;Athenian;;;;;;;;;;;;;x
d_athens_adj_turkmen;Athenian;;;;;;;;;;;;;x
d_athens_adj_turkish;Athenian;;;;;;;;;;;;;x
d_athens_adj_dalmatian;Athenian;;;;;;;;;;;;;x
d_athens_adj_venetian;Athenian;;;;;;;;;;;;;x
d_athens_adj_ligurian;Athenian;;;;;;;;;;;;;x
d_athens_adj_laziale;Athenian;;;;;;;;;;;;;x
d_athens_adj_southern_italian;Athenian;;;;;;;;;;;;;x
d_athens_adj_tuscan;Athenian;;;;;;;;;;;;;x
d_athens_adj_neapolitan;Athenian;;;;;;;;;;;;;x
d_athens_adj_umbrian;Athenian;;;;;;;;;;;;;x
d_athens_adj_sardinian;Athenian;;;;;;;;;;;;;x
d_athens_adj_sicilian;Athenian;;;;;;;;;;;;;x
d_athens_adj_italian;Athenian;;;;;;;;;;;;;x
d_athens_adj_frankish;Athenian;;;;;;;;;;;;;x
d_athens_adj_norman;Athenian;;;;;;;;;;;;;x
d_athens;Hellas;;;;;;;;;;;;;x
d_achaia_adj;Peloponnese;;;;;;;;;;;;;x
d_achaia_adj_oghuz;Morean;;;;;;;;;;;;;x
d_achaia_adj_turkmen;Morean;;;;;;;;;;;;;x
d_achaia_adj_turkish;Morean;;;;;;;;;;;;;x
d_achaia_adj_dalmatian;Achaean;;;;;;;;;;;;;x
d_achaia_adj_venetian;Achaean;;;;;;;;;;;;;x
d_achaia_adj_ligurian;Achaean;;;;;;;;;;;;;x
d_achaia_adj_laziale;Achaean;;;;;;;;;;;;;x
d_achaia_adj_southern_italian;Achaean;;;;;;;;;;;;;x
d_achaia_adj_tuscan;Achaean;;;;;;;;;;;;;x
d_achaia_adj_neapolitan;Achaean;;;;;;;;;;;;;x
d_achaia_adj_umbrian;Achaean;;;;;;;;;;;;;x
d_achaia_adj_sardinian;Achaean;;;;;;;;;;;;;x
d_achaia_adj_sicilian;Achaean;;;;;;;;;;;;;x
d_achaia_adj_italian;Achaean;;;;;;;;;;;;;x
d_achaia_adj_frankish;Achaean;;;;;;;;;;;;;x
d_achaia_adj_norman;Achaean;;;;;;;;;;;;;x
d_achaia;Peloponnese;;;;;;;;;;;;;x
d_neopatras_adj;Vlach;;;;;;;;;;;;;x
d_neopatras_adj_oghuz;Thessalian;;;;;;;;;;;;;x
d_neopatras_adj_turkmen;Thessalian;;;;;;;;;;;;;x
d_neopatras_adj_turkish;Thessalian;;;;;;;;;;;;;x
d_neopatras_adj_dalmatian;Neopatrian;;;;;;;;;;;;;x
d_neopatras_adj_venetian;Neopatrian;;;;;;;;;;;;;x
d_neopatras_adj_ligurian;Neopatrian;;;;;;;;;;;;;x
d_neopatras_adj_laziale;Neopatrian;;;;;;;;;;;;;x
d_neopatras_adj_southern_italian;Neopatrian;;;;;;;;;;;;;x
d_neopatras_adj_tuscan;Neopatrian;;;;;;;;;;;;;x
d_neopatras_adj_neapolitan;Neopatrian;;;;;;;;;;;;;x
d_neopatras_adj_umbrian;Neopatrian;;;;;;;;;;;;;x
d_neopatras_adj_sardinian;Neopatrian;;;;;;;;;;;;;x
d_neopatras_adj_sicilian;Neopatrian;;;;;;;;;;;;;x
d_neopatras_adj_italian;Neopatrian;;;;;;;;;;;;;x
d_neopatras_adj_frankish;Neopatrian;;;;;;;;;;;;;x
d_neopatras_adj_norman;Neopatrian;;;;;;;;;;;;;x
d_neopatras;Great Vlachia;;;;;;;;;;;;;x
d_thessalonika_adj;Thessalonian;;;;;;;;;;;;;x
d_thessalonika;Thessaloniki;;;;;;;;;;;;;x
d_thessalonika_adj_turkish;Salonika;;;;;;;;;;;;;x
d_strymon_adj;Strymon;;;;;;;;;;;;;x
d_strymon_adj_oghuz;Serres;;;;;;;;;;;;;x
d_strymon_adj_turkmen;Serres;;;;;;;;;;;;;x
d_strymon_adj_turkish;Serres;;;;;;;;;;;;;x
d_strymon;Strymon;;;;;;;;;;;;;x
d_thrace_adj;Thracian;;;;;;;;;;;;;x
d_thrace;Thrace;;;;;;;;;;;;;x
d_samos_adj;Samian;;;;;;;;;;;;;x
d_samos_adj_oghuz;Izmir;;;;;;;;;;;;;x
d_samos_adj_turkmen;Izmir;;;;;;;;;;;;;x
d_samos_adj_turkish;Aydinid;;;;;;;;;;;;;x
d_samos;Samos;;;;;;;;;;;;;x
d_opsikon_adj;Opsician;;;;;;;;;;;;;x
d_opsikon_adj_oghuz;Hüdavendigâr;;;;;;;;;;;;;x
d_opsikon_adj_turkmen;Hüdavendigâr;;;;;;;;;;;;;x
d_opsikon_adj_turkish;Hüdavendigâr;;;;;;;;;;;;;x
d_opsikon_adj_maghreb_arabic;Nicaean;;;;;;;;;;;;;x
d_opsikon_adj_bedouin_arabic;Nicaean;;;;;;;;;;;;;x
d_opsikon_adj_levantine_arabic;Nicaean;;;;;;;;;;;;;x
d_opsikon_adj_egyptian_arabic;Nicaean;;;;;;;;;;;;;x
d_opsikon_adj_andalusian_arabic;Nicaean;;;;;;;;;;;;;x
d_opsikon_adj_dalmatian;Nicaean;;;;;;;;;;;;;x
d_opsikon_adj_venetian;Nicaean;;;;;;;;;;;;;x
d_opsikon_adj_ligurian;Nicaean;;;;;;;;;;;;;x
d_opsikon_adj_laziale;Nicaean;;;;;;;;;;;;;x
d_opsikon_adj_southern_italian;Nicaean;;;;;;;;;;;;;x
d_opsikon_adj_tuscan;Nicaean;;;;;;;;;;;;;x
d_opsikon_adj_neapolitan;Nicaean;;;;;;;;;;;;;x
d_opsikon_adj_umbrian;Nicaean;;;;;;;;;;;;;x
d_opsikon_adj_sardinian;Nicaean;;;;;;;;;;;;;x
d_opsikon_adj_sicilian;Nicaean;;;;;;;;;;;;;x
d_opsikon_adj_italian;Nicaean;;;;;;;;;;;;;x
d_opsikon_adj_frankish;Nicaean;;;;;;;;;;;;;x
d_opsikon_adj_norman;Nicaean;;;;;;;;;;;;;x
d_opsikon;Opsikion;;;;;;;;;;;;;x
d_optimatoi_adj;Opsikion;;;;;;;;;;;;;x
d_optimatoi_adj_oghuz;Kocaeli;;;;;;;;;;;;;x
d_optimatoi_adj_turkmen;Kocaeli;;;;;;;;;;;;;x
d_optimatoi_adj_turkish;Kocaeli;;;;;;;;;;;;;x
d_optimatoi_adj_maghreb_arabic;Nicomedian;;;;;;;;;;;;;x
d_optimatoi_adj_bedouin_arabic;Nicomedian;;;;;;;;;;;;;x
d_optimatoi_adj_levantine_arabic;Nicomedian;;;;;;;;;;;;;x
d_optimatoi_adj_egyptian_arabic;Nicomedian;;;;;;;;;;;;;x
d_optimatoi_adj_andalusian_arabic;Nicomedian;;;;;;;;;;;;;x
d_optimatoi_adj_dalmatian;Nicomedian;;;;;;;;;;;;;x
d_optimatoi_adj_venetian;Nicomedian;;;;;;;;;;;;;x
d_optimatoi_adj_ligurian;Nicomedian;;;;;;;;;;;;;x
d_optimatoi_adj_laziale;Nicomedian;;;;;;;;;;;;;x
d_optimatoi_adj_southern_italian;Nicomedian;;;;;;;;;;;;;x
d_optimatoi_adj_tuscan;Nicomedian;;;;;;;;;;;;;x
d_optimatoi_adj_neapolitan;Nicomedian;;;;;;;;;;;;;x
d_optimatoi_adj_umbrian;Nicomedian;;;;;;;;;;;;;x
d_optimatoi_adj_sardinian;Nicomedian;;;;;;;;;;;;;x
d_optimatoi_adj_sicilian;Nicomedian;;;;;;;;;;;;;x
d_optimatoi_adj_italian;Nicomedian;;;;;;;;;;;;;x
d_optimatoi_adj_frankish;Nicomedian;;;;;;;;;;;;;x
d_optimatoi_adj_norman;Nicomedian;;;;;;;;;;;;;x
d_optimatoi;Optimatoi;;;;;;;;;;;;;x
d_paphlagonia_adj;Paphlagonian;;;;;;;;;;;;;x
d_paphlagonia_adj_oghuz;Kastamonu;;;;;;;;;;;;;x
d_paphlagonia_adj_turkmen;Kastamonu;;;;;;;;;;;;;x
d_paphlagonia_adj_turkish;Kastamonu;;;;;;;;;;;;;x
d_paphlagonia;Paphlagonia;;;;;;;;;;;;;x
d_boukellarion_adj;Bucellarian;;;;;;;;;;;;;x
d_boukellarion_adj_oghuz;Ankaran;;;;;;;;;;;;;x
d_boukellarion_adj_turkmen;Ankaran;;;;;;;;;;;;;x
d_boukellarion_adj_turkish;Ankaran;;;;;;;;;;;;;x
d_boukellarion;Bucellarians;;;;;;;;;;;;;x
d_anatolia_adj;Anatolic;;;;;;;;;;;;;x
d_anatolia_adj_oghuz;Rûm;;;;;;;;;;;;;x
d_anatolia_adj_turkmen;Rûm;;;;;;;;;;;;;x
d_anatolia_adj_turkish;Rûm;;;;;;;;;;;;;x
d_anatolia;Anatolics;;;;;;;;;;;;;x
d_germiyan;Germiyan;;;;;;;;;;;;;x
d_germiyan_adj;Germiyan;;;;;;;;;;;;;x
d_cibyrrhaeot_adj;Cibyrrhaeot;;;;;;;;;;;;;x
d_cibyrrhaeot_adj_oghuz;Mentese;;;;;;;;;;;;;x
d_cibyrrhaeot_adj_turkmen;Mentese;;;;;;;;;;;;;x
d_cibyrrhaeot_adj_turkish;Mentese;;;;;;;;;;;;;x
d_cibyrrhaeot;Cibyrrhaeots;;;;;;;;;;;;;x
d_cappadocia_adj;Cappadocian;;;;;;;;;;;;;x
d_cappadocia_adj_oghuz;Nigde;;;;;;;;;;;;;x
d_cappadocia_adj_turkmen;Nigde;;;;;;;;;;;;;x
d_cappadocia_adj_turkish;Nigde;;;;;;;;;;;;;x
d_cappadocia;Cappadocia;;;;;;;;;;;;;x
d_charsianon_adj;Charsianon;;;;;;;;;;;;;x
d_charsianon_adj_oghuz;Kayserian;;;;;;;;;;;;;x
d_charsianon_adj_turkmen;Kayserian;;;;;;;;;;;;;x
d_charsianon_adj_turkish;Kayserian;;;;;;;;;;;;;x
d_charsianon_adj_frankish;Caesarean;;;;;;;;;;;;;x
d_charsianon_adj_norman;Caesarean;;;;;;;;;;;;;x
d_charsianon_adj_armenian;Caesarean;;;;;;;;;;;;;x
d_charsianon;Charsianon;;;;;;;;;;;;;x
d_cyprus_adj;Cypriot;;;;;;;;;;;;;x
d_cyprus;Cyprus;;;;;;;;;;;;;x
d_thracesia_adj;Thracesian;;;;;;;;;;;;;x
d_thracesia_adj_oghuz;Alasehir;;;;;;;;;;;;;x
d_thracesia_adj_turkmen;Alasehir;;;;;;;;;;;;;x
d_thracesia_adj_turkish;Alasehir;;;;;;;;;;;;;x
d_thracesia;Thracesians;;;;;;;;;;;;;x
d_krete_adj;Cretan;;;;;;;;;;;;;x
d_krete;Crete;;;;;;;;;;;;;x
d_aegean_islands_adj;Aegean;;;;;;;;;;;;;x
d_aegean_islands_adj_dalmatian;Archipelago;;;;;;;;;;;;;x
d_aegean_islands_adj_venetian;Archipelago;;;;;;;;;;;;;x
d_aegean_islands_adj_ligurian;Archipelago;;;;;;;;;;;;;x
d_aegean_islands_adj_laziale;Archipelago;;;;;;;;;;;;;x
d_aegean_islands_adj_southern_italian;Archipelago;;;;;;;;;;;;;x
d_aegean_islands_adj_tuscan;Archipelago;;;;;;;;;;;;;x
d_aegean_islands_adj_neapolitan;Archipelago;;;;;;;;;;;;;x
d_aegean_islands_adj_umbrian;Archipelago;;;;;;;;;;;;;x
d_aegean_islands_adj_sardinian;Archipelago;;;;;;;;;;;;;x
d_aegean_islands_adj_sicilian;Archipelago;;;;;;;;;;;;;x
d_aegean_islands_adj_italian;Archipelago;;;;;;;;;;;;;x
d_aegean_islands;Aegean Sea;;;;;;;;;;;;;x
d_armeniacon_adj;Armeniac;;;;;;;;;;;;;x
d_armeniacon_adj_oghuz;Amasya;;;;;;;;;;;;;x
d_armeniacon_adj_turkmen;Amasya;;;;;;;;;;;;;x
d_armeniacon_adj_turkish;Amasya;;;;;;;;;;;;;x
d_armeniacon_adj_frankish;Amasya;;;;;;;;;;;;;x
d_armeniacon_adj_norman;Amasya;;;;;;;;;;;;;x
d_armeniacon;Armeniacs;;;;;;;;;;;;;x
d_trebizond_adj;Chaldia;;;;;;;;;;;;;x
d_trebizond_adj_oghuz;Trabzon;;;;;;;;;;;;;x
d_trebizond_adj_turkmen;Trabzon;;;;;;;;;;;;;x
d_trebizond_adj_turkish;Trabzon;;;;;;;;;;;;;x
d_trebizond_adj_armenian;Trabzon;;;;;;;;;;;;;x
d_trebizond_adj_georgian;Trabzon;;;;;;;;;;;;;x
d_trebizond;Chaldia;;;;;;;;;;;;;x
d_cherson;Cherson;;;;;;;;;;;;;x
d_cherson_adj;Chersonese;;;;;;;;;;;;;x
d_cherson_adj_khazar;Sudak;;;;;;;;;;;;;x
d_cherson_adj_pecheneg;Sudak;;;;;;;;;;;;;x
d_cherson_adj_oghuz;Sudak;;;;;;;;;;;;;x
d_cherson_adj_turkmen;Sudak;;;;;;;;;;;;;x
d_cherson_adj_kasogi;Sudak;;;;;;;;;;;;;x
d_cherson_adj_avar;Sudak;;;;;;;;;;;;;x
d_cherson_adj_bashkir;Sudak;;;;;;;;;;;;;x
d_cherson_adj_karluk;Sudak;;;;;;;;;;;;;x
d_cherson_adj_mongol;Feodosia;;;;;;;;;;;;;x
d_cherson_adj_cuman;Feodosia;;;;;;;;;;;;;x
d_cherson_adj_kirghiz;Feodosia;;;;;;;;;;;;;x
d_cherson_adj_uyghur;Feodosia;;;;;;;;;;;;;x
d_cherson_adj_turkish;Feodosia;;;;;;;;;;;;;x
d_cherson_adj_bolghar;Sudak;;;;;;;;;;;;;x
d_cherson_adj_dalmatian;Theodoro;;;;;;;;;;;;;x
d_cherson_adj_italian;Theodoro;;;;;;;;;;;;;x
d_cherson_adj_venetian;Theodoro;;;;;;;;;;;;;x
d_cherson_adj_ligurian;Theodoro;;;;;;;;;;;;;x
d_cherson_adj_laziale;Theodoro;;;;;;;;;;;;;x
d_cherson_adj_southern_italian;Theodoro;;;;;;;;;;;;;x
d_cherson_adj_tuscan;Theodoro;;;;;;;;;;;;;x
d_cherson_adj_neapolitan;Theodoro;;;;;;;;;;;;;x
d_cherson_adj_umbrian;Theodoro;;;;;;;;;;;;;x
d_cherson_adj_sardinian;Theodoro;;;;;;;;;;;;;x
d_cherson_adj_sicilian;Theodoro;;;;;;;;;;;;;x
d_cherson_adj_east_gothic;Theodoro;;;;;;;;;;;;;x
d_sebasteia_adj;Sebasteia;;;;;;;;;;;;;x
d_sebasteia_adj_frankish;Sivas;;;;;;;;;;;;;x
d_sebasteia_adj_norman;Sivas;;;;;;;;;;;;;x
d_sebasteia_adj_oghuz;Sivas;;;;;;;;;;;;;x
d_sebasteia_adj_turkmen;Sivas;;;;;;;;;;;;;x
d_sebasteia_adj_turkish;Sivas;;;;;;;;;;;;;x
d_sebasteia;Sebasteia;;;;;;;;;;;;;x
d_coloneia_adj;Koloneian;;;;;;;;;;;;;x
d_coloneia_adj_oghuz;Divrigi;;;;;;;;;;;;;x
d_coloneia_adj_turkmen;Divrigi;;;;;;;;;;;;;x
d_coloneia_adj_turkish;Divrigi;;;;;;;;;;;;;x
d_coloneia;Koloneia;;;;;;;;;;;;;x
d_lykandos_adj;Lykandian;;;;;;;;;;;;;x
d_lykandos_adj_oghuz;Elbistanian;;;;;;;;;;;;;x
d_lykandos_adj_turkmen;Elbistanian;;;;;;;;;;;;;x
d_lykandos_adj_turkish;Elbistanian;;;;;;;;;;;;;x
d_lykandos_adj_maghreb_arabic;Elbistanian;;;;;;;;;;;;;x
d_lykandos_adj_bedouin_arabic;Elbistanian;;;;;;;;;;;;;x
d_lykandos_adj_levantine_arabic;Elbistanian;;;;;;;;;;;;;x
d_lykandos_adj_egyptian_arabic;Elbistanian;;;;;;;;;;;;;x
d_lykandos_adj_andalusian_arabic;Elbistanian;;;;;;;;;;;;;x
d_lykandos_adj_armenian;Elbistanian;;;;;;;;;;;;;x
d_lykandos;Lykandos;;;;;;;;;;;;;x
d_seleukeia_adj;Cilician;;;;;;;;;;;;;x
d_seleukeia_adj_oghuz;Silifke;;;;;;;;;;;;;x
d_seleukeia_adj_turkmen;Silifke;;;;;;;;;;;;;x
d_seleukeia_adj_turkish;Karamanid;;;;;;;;;;;;;x
d_seleukeia_adj_armenian;Seleucian;;;;;;;;;;;;;x
d_seleukeia;Seleucia;;;;;;;;;;;;;x
d_armenia_minor_adj;Cilician;;;;;;;;;;;;;x
d_armenia_minor_adj_oghuz;Adana;;;;;;;;;;;;;x
d_armenia_minor_adj_turkmen;Adana;;;;;;;;;;;;;x
d_armenia_minor_adj_turkish;Adana;;;;;;;;;;;;;x
d_armenia_minor;Cilicia;;;;;;;;;;;;;x
k_khazaria;Khazaria;;;;;;;;;;;;;x
k_khazaria_adj;Khazar;;;;;;;;;;;;;x
d_tmutarakan;Tmutarakan;;;;;;;;;;;;;x
d_tmutarakan_adj;Tmutarakan;;;;;;;;;;;;;x
d_tmutarakan_adj_dalmatian;Gazaria;;;;;;;;;;;;;x
d_tmutarakan_adj_italian;Gazaria;;;;;;;;;;;;;x
d_tmutarakan_adj_venetian;Gazaria;;;;;;;;;;;;;x
d_tmutarakan_adj_ligurian;Gazaria;;;;;;;;;;;;;x
d_tmutarakan_adj_laziale;Gazaria;;;;;;;;;;;;;x
d_tmutarakan_adj_southern_italian;Gazaria;;;;;;;;;;;;;x
d_tmutarakan_adj_tuscan;Gazaria;;;;;;;;;;;;;x
d_tmutarakan_adj_neapolitan;Gazaria;;;;;;;;;;;;;x
d_tmutarakan_adj_umbrian;Gazaria;;;;;;;;;;;;;x
d_tmutarakan_adj_sardinian;Gazaria;;;;;;;;;;;;;x
d_tmutarakan_adj_sicilian;Gazaria;;;;;;;;;;;;;x
d_tmutarakan_adj_lithuanian;Taman;;;;;;;;;;;;;x
d_tmutarakan_adj_arberian;Perateia;;;;;;;;;;;;;x
d_tmutarakan_adj_armenian;Perateia;;;;;;;;;;;;;x
d_tmutarakan_adj_georgian;Perateia;;;;;;;;;;;;;x
d_tmutarakan_adj_greek;Perateia;;;;;;;;;;;;;x
d_tmutarakan_adj_east_gothic;Perateia;;;;;;;;;;;;;x
d_azov;Azov;;;;;;;;;;;;;x
d_azov_adj;Azovian;;;;;;;;;;;;;x
d_azov_adj_dalmatian;Tana;;;;;;;;;;;;;x
d_azov_adj_italian;Tana;;;;;;;;;;;;;x
d_azov_adj_venetian;Tana;;;;;;;;;;;;;x
d_azov_adj_ligurian;Tana;;;;;;;;;;;;;x
d_azov_adj_laziale;Tana;;;;;;;;;;;;;x
d_azov_adj_southern_italian;Tana;;;;;;;;;;;;;x
d_azov_adj_tuscan;Tana;;;;;;;;;;;;;x
d_azov_adj_neapolitan;Tana;;;;;;;;;;;;;x
d_azov_adj_umbrian;Tana;;;;;;;;;;;;;x
d_azov_adj_sardinian;Tana;;;;;;;;;;;;;x
d_azov_adj_sicilian;Tana;;;;;;;;;;;;;x
d_azov_adj_khazar;Don;;;;;;;;;;;;;x
d_azov_adj_pecheneg;Don;;;;;;;;;;;;;x
d_azov_adj_bolghar;Don;;;;;;;;;;;;;x
d_azov_adj_arberian;Don;;;;;;;;;;;;;x
d_azov_adj_armenian;Don;;;;;;;;;;;;;x
d_azov_adj_georgian;Don;;;;;;;;;;;;;x
d_azov_adj_east_gothic;Don;;;;;;;;;;;;;x
d_azov_adj_norse;Don;;;;;;;;;;;;;x
d_azov_adj_greek;Don;;;;;;;;;;;;;x
d_itil;Atil;;;;;;;;;;;;;x
d_itil_adj;Atil;;;;;;;;;;;;;x
d_itil_adj_lithuanian;Volga;;;;;;;;;;;;;x
d_itil_adj_polish;Volga;;;;;;;;;;;;;x
d_itil_adj_pommeranian;Volga;;;;;;;;;;;;;x
d_itil_adj_bohemian;Volga;;;;;;;;;;;;;x
d_itil_adj_moravian;Volga;;;;;;;;;;;;;x
d_itil_adj_russian;Volga;;;;;;;;;;;;;x
d_itil_adj_serbian;Volga;;;;;;;;;;;;;x
d_itil_adj_croatian;Volga;;;;;;;;;;;;;x
d_itil_adj_bulgarian;Volga;;;;;;;;;;;;;x
d_itil_adj_karantanci;Volga;;;;;;;;;;;;;x
d_itil_adj_bosnian;Volga;;;;;;;;;;;;;x
d_itil_adj_dalmatian;Volga;;;;;;;;;;;;;x
d_itil_adj_italian;Volga;;;;;;;;;;;;;x
d_itil_adj_venetian;Volga;;;;;;;;;;;;;x
d_itil_adj_ligurian;Volga;;;;;;;;;;;;;x
d_itil_adj_laziale;Volga;;;;;;;;;;;;;x
d_itil_adj_southern_italian;Volga;;;;;;;;;;;;;x
d_itil_adj_tuscan;Volga;;;;;;;;;;;;;x
d_itil_adj_neapolitan;Volga;;;;;;;;;;;;;x
d_itil_adj_umbrian;Volga;;;;;;;;;;;;;x
d_itil_adj_sardinian;Volga;;;;;;;;;;;;;x
d_itil_adj_sicilian;Volga;;;;;;;;;;;;;x
d_itil_adj_english;Volga;;;;;;;;;;;;;x
d_itil_adj_frankish;Volga;;;;;;;;;;;;;x
d_itil_adj_occitan;Volga;;;;;;;;;;;;;x
d_itil_adj_arpitan;Volga;;;;;;;;;;;;;x
d_itil_adj_norman;Volga;;;;;;;;;;;;;x
d_itil_adj_thuringian;Volga;;;;;;;;;;;;;x
d_itil_adj_swabian;Volga;;;;;;;;;;;;;x
d_itil_adj_bavarian;Volga;;;;;;;;;;;;;x
d_itil_adj_low_saxon;Volga;;;;;;;;;;;;;x
d_itil_adj_franconian;Volga;;;;;;;;;;;;;x
d_itil_adj_low_german;Volga;;;;;;;;;;;;;x
d_itil_adj_low_frankish;Volga;;;;;;;;;;;;;x
d_itil_adj_dutch;Volga;;;;;;;;;;;;;x
d_itil_adj_german;Volga;;;;;;;;;;;;;x
d_itil_adj_danish;Volga;;;;;;;;;;;;;x
d_itil_adj_swedish;Volga;;;;;;;;;;;;;x
d_itil_adj_norwegian;Volga;;;;;;;;;;;;;x
d_itil_adj_gothic;Volga;;;;;;;;;;;;;x
d_itil_adj_leonese;Volga;;;;;;;;;;;;;x
d_itil_adj_castillan;Volga;;;;;;;;;;;;;x
d_itil_adj_aragonese;Volga;;;;;;;;;;;;;x
d_itil_adj_basque;Volga;;;;;;;;;;;;;x
d_itil_adj_hungarian;Volga;;;;;;;;;;;;;x
d_itil_adj_romanian;Volga;;;;;;;;;;;;;x
d_itil_adj_szekely;Volga;;;;;;;;;;;;;x
d_itil_adj_bashkir;Volga;;;;;;;;;;;;;x
d_itil_adj_pecheneg;Volga;;;;;;;;;;;;;x
d_itil_adj_turkish;Volga;;;;;;;;;;;;;x
d_itil_adj_turkmen;Volga;;;;;;;;;;;;;x
d_itil_adj_oghuz;Volga;;;;;;;;;;;;;x
d_itil_adj_mongol;Volga;;;;;;;;;;;;;x
d_itil_adj_cuman;Volga;;;;;;;;;;;;;x
d_itil_adj_kirghiz;Volga;;;;;;;;;;;;;x
d_itil_adj_uyghur;Volga;;;;;;;;;;;;;x
d_itil_adj_khitan;Volga;;;;;;;;;;;;;x
d_itil_adj_levantine_arabic;Volga;;;;;;;;;;;;;x
d_itil_adj_maghreb_arabic;Volga;;;;;;;;;;;;;x
d_itil_adj_bedouin_arabic;Volga;;;;;;;;;;;;;x
d_itil_adj_egyptian_arabic;Volga;;;;;;;;;;;;;x
d_itil_adj_andalusian_arabic;Volga;;;;;;;;;;;;;x
d_itil_adj_sicilian_arabic;Volga;;;;;;;;;;;;;x
d_itil_adj_sanhaja;Volga;;;;;;;;;;;;;x
d_itil_adj_tagelmust;Volga;;;;;;;;;;;;;x
d_itil_adj_tuareg;Volga;;;;;;;;;;;;;x
d_itil_adj_masmuda;Volga;;;;;;;;;;;;;x
d_itil_adj_zanata;Volga;;;;;;;;;;;;;x
d_itil_adj_pahlavi;Volga;;;;;;;;;;;;;x
d_itil_adj_persian;Volga;;;;;;;;;;;;;x
d_itil_adj_tajik;Volga;;;;;;;;;;;;;x
d_itil_adj_daylamite;Volga;;;;;;;;;;;;;x
d_itil_adj_sogdian;Volga;;;;;;;;;;;;;x
d_itil_adj_khwarezmi;Volga;;;;;;;;;;;;;x
d_itil_adj_kurdish;Volga;;;;;;;;;;;;;x
d_itil_adj_khalaj;Volga;;;;;;;;;;;;;x
d_itil_adj_afghan;Volga;;;;;;;;;;;;;x
d_itil_adj_qufs;Volga;;;;;;;;;;;;;x
d_itil_adj_baloch;Volga;;;;;;;;;;;;;x
d_itil_adj_arberian;Volga;;;;;;;;;;;;;x
d_itil_adj_armenian;Volga;;;;;;;;;;;;;x
d_itil_adj_georgian;Volga;;;;;;;;;;;;;x
d_itil_adj_east_gothic;Volga;;;;;;;;;;;;;x
d_itil_adj_greek;Volga;;;;;;;;;;;;;x
d_itil_adj_alan;Volga;;;;;;;;;;;;;x
d_saray;Sarai;;;;;;;;;;;;;x
d_saray_adj;Sarai;;;;;;;;;;;;;x
d_saray_adj_khazar;Ugru;;;;;;;;;;;;;x
k_alania;Alania;;;;;;;;;;;;;x
k_alania_adj;Alanian;;;;;;;;;;;;;x
d_alania;Alania;;;;;;;;;;;;;x
d_alania_adj;Alanian;;;;;;;;;;;;;x
d_sarir;Sarir;;;;;;;;;;;;;x
d_sarir_adj;Sarir;;;;;;;;;;;;;x
d_zichia;Circassia;;;;;;;;;;;;;x
d_zichia_adj;Circassian;;;;;;;;;;;;;x
d_zichia_adj_russian;Kabardian;;;;;;;;;;;;;x
d_zichia_adj_armenian;Sadz;;;;;;;;;;;;;x
d_zichia_adj_georgian;Sadz;;;;;;;;;;;;;x
k_taurica;Crimea;;;;;;;;;;;;;x
k_taurica_adj;Crimean;;;;;;;;;;;;;x
k_taurica_adj_arberian;Scythian;;;;;;;;;;;;;x
k_taurica_adj_armenian;Scythian;;;;;;;;;;;;;x
k_taurica_adj_georgian;Scythian;;;;;;;;;;;;;x
k_taurica_adj_greek;Scythian;;;;;;;;;;;;;x
k_taurica_adj_east_gothic;Oium;;;;;;;;;;;;;x
k_taurica_adj_serbian;Wild Fields;;;;;;;;;;;;;x
k_taurica_adj_croatian;Wild Fields;;;;;;;;;;;;;x
k_taurica_adj_bulgarian;Wild Fields;;;;;;;;;;;;;x
k_taurica_adj_karantanci;Wild Fields;;;;;;;;;;;;;x
k_taurica_adj_bosnian;Wild Fields;;;;;;;;;;;;;x
k_taurica_adj_polish;Wild Fields;;;;;;;;;;;;;x
k_taurica_adj_pommeranian;Wild Fields;;;;;;;;;;;;;x
k_taurica_adj_bohemian;Wild Fields;;;;;;;;;;;;;x
k_taurica_adj_moravian;Wild Fields;;;;;;;;;;;;;x
k_taurica_adj_lithuanian;Wild Fields;;;;;;;;;;;;;x
k_taurica_adj_russian;Wild Fields;;;;;;;;;;;;;x
d_crimea;Crimea;;;;;;;;;;;;;x
d_crimea_adj;Crimean;;;;;;;;;;;;;x
d_sarkel;Donets;;;;;;;;;;;;;x
d_sarkel_adj;Donets;;;;;;;;;;;;;x
d_sarkel_adj_dalmatian;Levedia;;;;;;;;;;;;;x
d_sarkel_adj_italian;Levedia;;;;;;;;;;;;;x
d_sarkel_adj_venetian;Levedia;;;;;;;;;;;;;x
d_sarkel_adj_ligurian;Levedia;;;;;;;;;;;;;x
d_sarkel_adj_laziale;Levedia;;;;;;;;;;;;;x
d_sarkel_adj_southern_italian;Levedia;;;;;;;;;;;;;x
d_sarkel_adj_tuscan;Levedia;;;;;;;;;;;;;x
d_sarkel_adj_neapolitan;Levedia;;;;;;;;;;;;;x
d_sarkel_adj_umbrian;Levedia;;;;;;;;;;;;;x
d_sarkel_adj_sardinian;Levedia;;;;;;;;;;;;;x
d_sarkel_adj_sicilian;Levedia;;;;;;;;;;;;;x
d_sarkel_adj_english;Levedia;;;;;;;;;;;;;x
d_sarkel_adj_frankish;Levedia;;;;;;;;;;;;;x
d_sarkel_adj_occitan;Levedia;;;;;;;;;;;;;x
d_sarkel_adj_arpitan;Levedia;;;;;;;;;;;;;x
d_sarkel_adj_norman;Levedia;;;;;;;;;;;;;x
d_sarkel_adj_thuringian;Levedia;;;;;;;;;;;;;x
d_sarkel_adj_swabian;Levedia;;;;;;;;;;;;;x
d_sarkel_adj_bavarian;Levedia;;;;;;;;;;;;;x
d_sarkel_adj_low_saxon;Levedia;;;;;;;;;;;;;x
d_sarkel_adj_franconian;Levedia;;;;;;;;;;;;;x
d_sarkel_adj_low_german;Levedia;;;;;;;;;;;;;x
d_sarkel_adj_low_frankish;Levedia;;;;;;;;;;;;;x
d_sarkel_adj_dutch;Levedia;;;;;;;;;;;;;x
d_sarkel_adj_german;Levedia;;;;;;;;;;;;;x
d_sarkel_adj_danish;Levedia;;;;;;;;;;;;;x
d_sarkel_adj_swedish;Levedia;;;;;;;;;;;;;x
d_sarkel_adj_norwegian;Levedia;;;;;;;;;;;;;x
d_sarkel_adj_gothic;Levedia;;;;;;;;;;;;;x
d_sarkel_adj_leonese;Levedia;;;;;;;;;;;;;x
d_sarkel_adj_castillan;Levedia;;;;;;;;;;;;;x
d_sarkel_adj_aragonese;Levedia;;;;;;;;;;;;;x
d_sarkel_adj_basque;Levedia;;;;;;;;;;;;;x
d_sarkel_adj_hungarian;Levedia;;;;;;;;;;;;;x
d_sarkel_adj_romanian;Levedia;;;;;;;;;;;;;x
d_sarkel_adj_arberian;Levedia;;;;;;;;;;;;;x
d_sarkel_adj_armenian;Levedia;;;;;;;;;;;;;x
d_sarkel_adj_georgian;Levedia;;;;;;;;;;;;;x
d_sarkel_adj_greek;Levedia;;;;;;;;;;;;;x
d_sarkel_adj_east_gothic;Levedia;;;;;;;;;;;;;x
d_sarkel_adj_alan;Levedia;;;;;;;;;;;;;x
d_sarkel_adj_bashkir;Levedia;;;;;;;;;;;;;x
d_sarkel_adj_szekely;Levedia;;;;;;;;;;;;;x
d_zaporizhia;Dnieper;;;;;;;;;;;;;x
d_zaporizhia_adj;Dnieper;;;;;;;;;;;;;x
d_zaporizhia_adj_russian;Zaporizhian;;;;;;;;;;;;;x
d_zaporizhia_adj_polish;Zaporizhian;;;;;;;;;;;;;x
d_zaporizhia_adj_lithuanian;Zaporizhian;;;;;;;;;;;;;x
d_zaporizhia_adj_romanian;Zaporizhian;;;;;;;;;;;;;x
d_podolia;Yedisan;;;;;;;;;;;;;x
d_podolia_adj;Yedisan;;;;;;;;;;;;;x
d_podolia_adj_lithuanian;Podolian;;;;;;;;;;;;;x
d_podolia_adj_polish;Podolian;;;;;;;;;;;;;x
d_podolia_adj_pommeranian;Podolian;;;;;;;;;;;;;x
d_podolia_adj_bohemian;Podolian;;;;;;;;;;;;;x
d_podolia_adj_moravian;Podolian;;;;;;;;;;;;;x
d_podolia_adj_russian;Podolian;;;;;;;;;;;;;x
d_podolia_adj_serbian;Podolian;;;;;;;;;;;;;x
d_podolia_adj_croatian;Podolian;;;;;;;;;;;;;x
d_podolia_adj_bulgarian;Podolian;;;;;;;;;;;;;x
d_podolia_adj_karantanci;Podolian;;;;;;;;;;;;;x
d_podolia_adj_bosnian;Podolian;;;;;;;;;;;;;x
d_podolia_adj_dalmatian;Podolian;;;;;;;;;;;;;x
d_podolia_adj_italian;Podolian;;;;;;;;;;;;;x
d_podolia_adj_venetian;Podolian;;;;;;;;;;;;;x
d_podolia_adj_ligurian;Podolian;;;;;;;;;;;;;x
d_podolia_adj_laziale;Podolian;;;;;;;;;;;;;x
d_podolia_adj_southern_italian;Podolian;;;;;;;;;;;;;x
d_podolia_adj_tuscan;Podolian;;;;;;;;;;;;;x
d_podolia_adj_neapolitan;Podolian;;;;;;;;;;;;;x
d_podolia_adj_umbrian;Podolian;;;;;;;;;;;;;x
d_podolia_adj_sardinian;Podolian;;;;;;;;;;;;;x
d_podolia_adj_sicilian;Podolian;;;;;;;;;;;;;x
d_podolia_adj_english;Podolian;;;;;;;;;;;;;x
d_podolia_adj_frankish;Podolian;;;;;;;;;;;;;x
d_podolia_adj_occitan;Podolian;;;;;;;;;;;;;x
d_podolia_adj_arpitan;Podolian;;;;;;;;;;;;;x
d_podolia_adj_norman;Podolian;;;;;;;;;;;;;x
d_podolia_adj_thuringian;Podolian;;;;;;;;;;;;;x
d_podolia_adj_swabian;Podolian;;;;;;;;;;;;;x
d_podolia_adj_bavarian;Podolian;;;;;;;;;;;;;x
d_podolia_adj_low_saxon;Podolian;;;;;;;;;;;;;x
d_podolia_adj_franconian;Podolian;;;;;;;;;;;;;x
d_podolia_adj_low_german;Podolian;;;;;;;;;;;;;x
d_podolia_adj_low_frankish;Podolian;;;;;;;;;;;;;x
d_podolia_adj_dutch;Podolian;;;;;;;;;;;;;x
d_podolia_adj_german;Podolian;;;;;;;;;;;;;x
d_podolia_adj_danish;Podolian;;;;;;;;;;;;;x
d_podolia_adj_swedish;Podolian;;;;;;;;;;;;;x
d_podolia_adj_norwegian;Podolian;;;;;;;;;;;;;x
d_podolia_adj_gothic;Podolian;;;;;;;;;;;;;x
d_podolia_adj_leonese;Podolian;;;;;;;;;;;;;x
d_podolia_adj_castillan;Podolian;;;;;;;;;;;;;x
d_podolia_adj_aragonese;Podolian;;;;;;;;;;;;;x
d_podolia_adj_basque;Podolian;;;;;;;;;;;;;x
d_podolia_adj_hungarian;Podolian;;;;;;;;;;;;;x
d_podolia_adj_romanian;Podolian;;;;;;;;;;;;;x
d_podolia_adj_szekely;Podolian;;;;;;;;;;;;;x
d_vorksla;Vorskla;;;;;;;;;;;;;x
d_vorksla_adj;Vorskla;;;;;;;;;;;;;x
k_volga_bulgaria;Volga Bulgaria;;;;;;;;;;;;;x
k_volga_bulgaria_adj;Volga Bulgarian;;;;;;;;;;;;;x
k_volga_bulgaria_russian;Volga;;;;;;;;;;;;;x
k_volga_bulgaria_hungarian;Dentumoger;;;;;;;;;;;;;x
d_bulgar;Volga Bulgaria;;;;;;;;;;;;;x
d_bulgar_adj;Volga Bulgarian;;;;;;;;;;;;;x
d_podonye;Voronezh;;;;;;;;;;;;;x
d_podonye_adj;Voronezh;;;;;;;;;;;;;x
d_podonye_adj_russian;Podonye;;;;;;;;;;;;;x
d_samara;Samara;;;;;;;;;;;;;x
d_samara_adj;Samara;;;;;;;;;;;;;x
d_mordva;Moksha;;;;;;;;;;;;;x
d_mordva_adj;Moksha;;;;;;;;;;;;;x
d_sura;Sura;;;;;;;;;;;;;x
d_sura_adj;Sura;;;;;;;;;;;;;x
d_bashkirs;Bashkiria;;;;;;;;;;;;;x
d_bashkirs_adj;Bashkir;;;;;;;;;;;;;x
k_bjarmia;Bjarmaland;;;;;;;;;;;;;x
k_bjarmia_adj;Bjarmian;;;;;;;;;;;;;x
k_bjarmia_adj_lappish;Tšuudmi;;;;;;;;;;;;;x
d_bjarmia;Northern Dvina;;;;;;;;;;;;;x
d_bjarmia_adj;Northern Dvina;;;;;;;;;;;;;x
d_onega;Onega;;;;;;;;;;;;;x
d_onega_adj;Onega;;;;;;;;;;;;;x
d_pechora;Pechora;;;;;;;;;;;;;x
d_pechora_adj;Pechoran;;;;;;;;;;;;;x
k_perm;Great Perm;;;;;;;;;;;;;x
k_perm_adj;Permian;;;;;;;;;;;;;x
d_perm;Great Perm;;;;;;;;;;;;;x
d_perm_adj;Permian;;;;;;;;;;;;;x
d_perm_vychegda;Vychegda;;;;;;;;;;;;;x
d_perm_vychegda_adj;Vychegdan;;;;;;;;;;;;;x
d_pelym;Pelym;;;;;;;;;;;;;x
d_pelym_adj;Pelym;;;;;;;;;;;;;x
d_vyatka;Vyatka;;;;;;;;;;;;;x
d_vyatka_adj;Vyatka;;;;;;;;;;;;;x
k_finland;Finland;;;;;;;;;;;;;x
k_finland_adj;Finnish;;;;;;;;;;;;;x
d_finland;Finland;;;;;;;;;;;;;x
d_finland_adj;Finnish;;;;;;;;;;;;;x
d_sampi;Lapland;;;;;;;;;;;;;x
d_sampi_adj;Lappish;;;;;;;;;;;;;x
d_ingria;Ingria;;;;;;;;;;;;;x
d_ingria_adj;Ingrian;;;;;;;;;;;;;x
d_viipuri;Vyborg;;;;;;;;;;;;;x
d_viipuri_adj;Vyborg;;;;;;;;;;;;;x
d_viipuri_adj_russian;Karelian;;;;;;;;;;;;;x
d_viipuri_adj_bohemian;Karelian;;;;;;;;;;;;;x
d_viipuri_adj_moravian;Karelian;;;;;;;;;;;;;x
d_viipuri_adj_polish;Karelian;;;;;;;;;;;;;x
d_viipuri_adj_pommeranian;Karelian;;;;;;;;;;;;;x
d_viipuri_adj_croatian;Karelian;;;;;;;;;;;;;x
d_viipuri_adj_bosnian;Karelian;;;;;;;;;;;;;x
d_viipuri_adj_serbian;Karelian;;;;;;;;;;;;;x
d_viipuri_adj_karantanci;Karelian;;;;;;;;;;;;;x
d_viipuri_adj_bulgarian;Karelian;;;;;;;;;;;;;x
k_pomerania;Wendland;;;;;;;;;;;;;x
k_pomerania_adj;Wendish;;;;;;;;;;;;;x
d_lausitz;Lusatia;;;;;;;;;;;;;x
d_lausitz_adj;Lusatian;;;;;;;;;;;;;x
d_lubusz;Lubusz;;;;;;;;;;;;;x
d_lubusz_adj;Lubusz;;;;;;;;;;;;;x
d_rugen;Rügen;;;;;;;;;;;;;x
d_rugen_adj;Rügish;;;;;;;;;;;;;x
k_terra;Livonia;;;;;;;;;;;;;x
k_terra_adj;Livonian;;;;;;;;;;;;;x
d_talava;Talava;;;;;;;;;;;;;x
d_talava_adj;Talavian;;;;;;;;;;;;;x
d_livonia;Livonia;;;;;;;;;;;;;x
d_livonia_adj;Livonian;;;;;;;;;;;;;x
d_zemigalia;Semigallia;;;;;;;;;;;;;x
d_zemigalia_adj;Semigallian;;;;;;;;;;;;;x
d_osel_wiek;Ösel–Wiek;;;;;;;;;;;;;x
d_osel_wiek_adj;Ösel–Wiek;;;;;;;;;;;;;x
d_dorpat;Ugandi;;;;;;;;;;;;;x
d_dorpat_adj;Ugaunian;;;;;;;;;;;;;x
d_lettigale;Jersika;;;;;;;;;;;;;x
d_lettigale_adj;Latgalian;;;;;;;;;;;;;x
e_persia_adj;Persian;;;;;;;;;;;;;x
e_persia;Persia;;;;;;;;;;;;;x
k_turkestan_west_adj;West Turkish;;;;;;;;;;;;;x
k_turkestan_west;West Turkestan;;;;;;;;;;;;;x
k_turkestan_east_adj;East Turkish;;;;;;;;;;;;;x
k_turkestan_east;East Turkestan;;;;;;;;;;;;;x
k_sistan_adj;Sistani;;;;;;;;;;;;;x
k_sistan;Sistan;;;;;;;;;;;;;x
k_persia_adj;Persian;;;;;;;;;;;;;x
k_persia;Persia;;;;;;;;;;;;;x
k_mesopotamia_adj;Iraqi;;;;;;;;;;;;;x
k_mesopotamia;Iraq;;;;;;;;;;;;;x
k_mavarannahr_adj;Transoxianan;;;;;;;;;;;;;x
k_mavarannahr;Transoxiana;;;;;;;;;;;;;x
k_khorasan_adj;Khorasan;;;;;;;;;;;;;x
k_khorasan;Khorasan;;;;;;;;;;;;;x
k_kafarestan_adj;Kabulistan;;;;;;;;;;;;;x
k_kafarestan;Kabulistan;;;;;;;;;;;;;x
k_daylam_adj;Gilanian;;;;;;;;;;;;;x
k_daylam;Gilan;;;;;;;;;;;;;x
d_samarra;Samarra;;;;;;;;;;;;;x
d_samarra_adj;Samarran;;;;;;;;;;;;;x
d_kufa;Kufa;;;;;;;;;;;;;x
d_kufa_adj;Kufan;;;;;;;;;;;;;x
d_zhetysu_adj;Zhetysu;;;;;;;;;;;;;x
d_zhetysu;Zhetysu;;;;;;;;;;;;;x
d_zabolestan_adj;Zabulistan;;;;;;;;;;;;;x
d_zabolestan;Zabulistan;;;;;;;;;;;;;x
d_ustyurt_adj;Ustyurt;;;;;;;;;;;;;x
d_ustyurt;Ustyurt;;;;;;;;;;;;;x
d_tabarestan_adj;Tabaristani;;;;;;;;;;;;;x
d_tabarestan;Tabaristan;;;;;;;;;;;;;x
d_soghd_adj;Sogdian;;;;;;;;;;;;;x
d_soghd;Sogdia;;;;;;;;;;;;;x
d_sistan_adj;Sistani;;;;;;;;;;;;;x
d_sistan;Sistan;;;;;;;;;;;;;x
d_shash_adj;Tashkent;;;;;;;;;;;;;x
d_shash;Tashkent;;;;;;;;;;;;;x
d_kucha_adj;Kuchanese;;;;;;;;;;;;;x
d_kucha;Kucha;;;;;;;;;;;;;x
d_nishapur_adj;Nishapuri;;;;;;;;;;;;;x
d_nishapur;Nishapur;;;;;;;;;;;;;x
d_merv_adj;Mervian;;;;;;;;;;;;;x
d_merv;Merv;;;;;;;;;;;;;x
d_makran_adj;Makran;;;;;;;;;;;;;x
d_makran;Makran;;;;;;;;;;;;;x
d_khwarazm_adj;Khwarezmian;;;;;;;;;;;;;x
d_khwarazm;Khwarezm;;;;;;;;;;;;;x
d_khottal_adj;Khatlon;;;;;;;;;;;;;x
d_khottal;Khatlon;;;;;;;;;;;;;x
d_khoar_adj;Dasht-e Kavir;;;;;;;;;;;;;x
d_khoar;Dasht-e Kavir;;;;;;;;;;;;;x
d_kerman_adj;Kerman;;;;;;;;;;;;;x
d_kerman;Kerman;;;;;;;;;;;;;x
d_kashgar_adj;Kashgar;;;;;;;;;;;;;x
d_kashgar;Kashgar;;;;;;;;;;;;;x
d_kurdistan_adj;Kurdish;;;;;;;;;;;;;x
d_kurdistan;Kurdistan;;;;;;;;;;;;;x
d_kermanshah_adj;Kermanshah;;;;;;;;;;;;;x
d_kermanshah;Kermanshah;;;;;;;;;;;;;x
d_tigris_adj;Batihah;;;;;;;;;;;;;x
d_tigris;Batihah;;;;;;;;;;;;;x
d_jebal_adj;Jibal;;;;;;;;;;;;;x
d_jebal;Jibal;;;;;;;;;;;;;x
d_jand_adj;Jand;;;;;;;;;;;;;x
d_jand;Jand;;;;;;;;;;;;;x
d_herat_adj;Herat;;;;;;;;;;;;;x
d_herat;Herat;;;;;;;;;;;;;x
d_gurgan_adj;Gorgan;;;;;;;;;;;;;x
d_gurgan;Gorgan;;;;;;;;;;;;;x
d_gilan_adj;Gilanian;;;;;;;;;;;;;x
d_gilan;Gilan;;;;;;;;;;;;;x
d_ferghana_adj;Fergana;;;;;;;;;;;;;x
d_ferghana;Fergana;;;;;;;;;;;;;x
d_fars_adj;Persian;;;;;;;;;;;;;x
d_fars;Fars;;;;;;;;;;;;;x
d_dasht-i-qipchaq_adj;Cuman;;;;;;;;;;;;;x
d_dasht-i-qipchaq;Cumania;;;;;;;;;;;;;x
d_balkh_adj;Balkh;;;;;;;;;;;;;x
d_balkh;Balkh;;;;;;;;;;;;;x
d_ayaguz_adj;Ayaguz;;;;;;;;;;;;;x
d_ayaguz;Ayaguz;;;;;;;;;;;;;x
d_ahwaz_adj;Ahvaz;;;;;;;;;;;;;x
d_ahwaz;Ahvaz;;;;;;;;;;;;;x
d_ustrushana;Osrushana;;;;;;;;;;;;;x
d_ustrushana_adj;Osrushana;;;;;;;;;;;;;x
d_khotan;Khotan;;;;;;;;;;;;;x
d_khotan_adj;Khotanese;;;;;;;;;;;;;x
d_yazd;Yazd;;;;;;;;;;;;;x
d_yazd_adj;Yazdi;;;;;;;;;;;;;x
d_dehestan;Dehistan;;;;;;;;;;;;;x
d_dehestan_adj;Dehistan;;;;;;;;;;;;;x
d_hamadan;Khuzestan;;;;;;;;;;;;;x
d_hamadan_adj;Khuzi;;;;;;;;;;;;;x
d_hormuz;Hormuz;;;;;;;;;;;;;x
d_hormuz_adj;Hormuz;;;;;;;;;;;;;x
d_birjand;Quhistan;;;;;;;;;;;;;x
d_birjand_adj;Quhistan;;;;;;;;;;;;;x
d_tabriz;Gilan;;;;;;;;;;;;;x
d_tabriz_adj;Gilanian;;;;;;;;;;;;;x
k_maghreb;Maghreb;;;;;;;;;;;;;x
k_maghreb_adj;Maghrebi;;;;;;;;;;;;;x
e_scandinavia;Nordmannia;;;;;;;;;;;;;x
e_scandinavia_adj;Nordmannian;;;;;;;;;;;;;x
k_norway;Norway;;;;;;;;;;;;;x
k_norway_adj;Norwegian;;;;;;;;;;;;;x
d_ostlandet;Viken;;;;;;;;;;;;;x
d_ostlandet_adj;Viken;;;;;;;;;;;;;x
d_trondelag;Trøndelag;;;;;;;;;;;;;x
d_trondelag_adj;Trønder;;;;;;;;;;;;;x
d_vestlandet;Bergen;;;;;;;;;;;;;x
d_vestlandet_adj;Hordalending;;;;;;;;;;;;;x
d_jamtland;Jämtland;;;;;;;;;;;;;x
d_jamtland_adj;Jamtish;;;;;;;;;;;;;x
d_opplandene;Uplands;;;;;;;;;;;;;x
d_opplandene_adj;Uplands;;;;;;;;;;;;;x
d_more;Møre og Romsdal;;;;;;;;;;;;;x
d_more_adj;Møring;;;;;;;;;;;;;x
d_halogaland;Hålogaland;;;;;;;;;;;;;x
d_halogaland_adj;Hålogaland;;;;;;;;;;;;;x
d_faereyar;Faroe Islands;;;;;;;;;;;;;x
d_faereyar_adj;Faroese;;;;;;;;;;;;;x
k_sweden;Sweden;;;;;;;;;;;;;x
k_sweden_adj;Swedish;;;;;;;;;;;;;x
d_uppland_adj_norse;Svealand;;;;;;;;;;;;;x
d_halsingland;Hälsingland;;;;;;;;;;;;;x
d_halsingland_adj;Hälsingland;;;;;;;;;;;;;x
d_sodermandland;Södermanland;;;;;;;;;;;;;x
d_sodermandland_adj;Södermanland;;;;;;;;;;;;;x
d_gotland;Gotland;;;;;;;;;;;;;x
d_gotland_adj;Gotlandish;;;;;;;;;;;;;x
d_gotland_adj_norse;Geatish;;;;;;;;;;;;;x
d_gotland_adj_norwegian;Geatish;;;;;;;;;;;;;x
k_denmark;Denmark;;;;;;;;;;;;;x
k_denmark_adj;Danish;;;;;;;;;;;;;x
d_jylland;Jutland;;;;;;;;;;;;;x
d_jylland_adj;Jutlandic;;;;;;;;;;;;;x
d_slesvig;Schleswig;;;;;;;;;;;;;x
d_slesvig_adj;Schleswigian;;;;;;;;;;;;;x
d_halland;Halland;;;;;;;;;;;;;x
d_halland_adj;Hallandish;;;;;;;;;;;;;x
d_sjaelland;Zealand;;;;;;;;;;;;;x
d_sjaelland_adj;Zealand;;;;;;;;;;;;;x
d_bornholm;Bornholm;;;;;;;;;;;;;x
d_bornholm_adj;Bornholm;;;;;;;;;;;;;x
d_skane;Scania;;;;;;;;;;;;;x
d_skane_adj;Scanian;;;;;;;;;;;;;x
k_iceland;Iceland;;;;;;;;;;;;;x
k_iceland_adj;Icelandic;;;;;;;;;;;;;x
d_iceland;Iceland;;;;;;;;;;;;;x
d_iceland_adj;Icelandic;;;;;;;;;;;;;x
k_armenia;Armenia;;;;;;;;;;;;;x
k_armenia_adj;Armenian;;;;;;;;;;;;;x
d_vaspurakan;Vaspurakan;;;;;;;;;;;;;x
d_vaspurakan_adj;Vaspurakan;;;;;;;;;;;;;x
d_vaspurakan_adj_oghuz;Van;;;;;;;;;;;;;x
d_vaspurakan_adj_turkmen;Van;;;;;;;;;;;;;x
d_vaspurakan_adj_turkish;Van;;;;;;;;;;;;;x
d_vaspurakan_adj_kurdish;Van;;;;;;;;;;;;;x
d_vaspurakan_adj_greek;Van;;;;;;;;;;;;;x
d_vaspurakan_adj_maghreb_arabic;Van;;;;;;;;;;;;;x
d_vaspurakan_adj_levantine_arabic;Van;;;;;;;;;;;;;x
d_vaspurakan_adj_egyptian_arabic;Van;;;;;;;;;;;;;x
d_vaspurakan_adj_andalusian_arabic;Van;;;;;;;;;;;;;x
d_vaspurakan_adj_sicilian_arabic;Van;;;;;;;;;;;;;x
d_vaspurakan_adj_bedouin_arabic;Van;;;;;;;;;;;;;x
d_dzopk;Sophene;;;;;;;;;;;;;x
d_dzopk_adj;Sophenian;;;;;;;;;;;;;x
d_artsakh;Khachen;;;;;;;;;;;;;x
d_artsakh_adj;Khachen;;;;;;;;;;;;;x
d_artsakh_adj_oghuz;Karabakh;;;;;;;;;;;;;x
d_artsakh_adj_turkmen;Karabakh;;;;;;;;;;;;;x
d_artsakh_adj_turkish;Karabakh;;;;;;;;;;;;;x
d_suenik;Syunik;;;;;;;;;;;;;x
d_suenik_adj;Syunik;;;;;;;;;;;;;x
d_tao;Tayk;;;;;;;;;;;;;x
d_tao_adj;Tayk;;;;;;;;;;;;;x
d_amida;Amida;;;;;;;;;;;;;x
d_amida_adj;Amidan;;;;;;;;;;;;;x
d_amida_adj_greek;Arzanene;;;;;;;;;;;;;x
d_amida_adj_armenian;Arzanene;;;;;;;;;;;;;x
d_amida_adj_oghuz;Diyar Bakr;;;;;;;;;;;;;x
d_amida_adj_turkmen;Diyar Bakr;;;;;;;;;;;;;x
d_amida_adj_turkish;Diyar Bakr;;;;;;;;;;;;;x
d_amida_adj_maghreb_arabic;Diyar Bakr;;;;;;;;;;;;;x
d_amida_adj_levantine_arabic;Diyar Bakr;;;;;;;;;;;;;x
d_amida_adj_egyptian_arabic;Diyar Bakr;;;;;;;;;;;;;x
d_amida_adj_andalusian_arabic;Diyar Bakr;;;;;;;;;;;;;x
d_amida_adj_sicilian_arabic;Diyar Bakr;;;;;;;;;;;;;x
d_amida_adj_bedouin_arabic;Diyar Bakr;;;;;;;;;;;;;x
d_taron;Taron;;;;;;;;;;;;;x
d_taron_adj;Taron;;;;;;;;;;;;;x
d_taron_adj_maghreb_arabic;Manzikert;;;;;;;;;;;;;x
d_taron_adj_levantine_arabic;Manzikert;;;;;;;;;;;;;x
d_taron_adj_egyptian_arabic;Manzikert;;;;;;;;;;;;;x
d_taron_adj_andalusian_arabic;Manzikert;;;;;;;;;;;;;x
d_taron_adj_sicilian_arabic;Manzikert;;;;;;;;;;;;;x
d_taron_adj_bedouin_arabic;Manzikert;;;;;;;;;;;;;x
d_taron_adj_kurdish;Manzikert;;;;;;;;;;;;;x
d_mesopotamia;Upper Armenia;;;;;;;;;;;;;x
d_mesopotamia_adj;Upper Armenian;;;;;;;;;;;;;x
d_mesopotamia_adj_greek;Mesopotamian;;;;;;;;;;;;;x
d_mesopotamia_adj_oghuz;Erzurum;;;;;;;;;;;;;x
d_mesopotamia_adj_turkmen;Erzurum;;;;;;;;;;;;;x
d_mesopotamia_adj_turkish;Erzurum;;;;;;;;;;;;;x
d_mesopotamia_adj_maghreb_arabic;Erzurum;;;;;;;;;;;;;x
d_mesopotamia_adj_levantine_arabic;Erzurum;;;;;;;;;;;;;x
d_mesopotamia_adj_egyptian_arabic;Erzurum;;;;;;;;;;;;;x
d_mesopotamia_adj_andalusian_arabic;Erzurum;;;;;;;;;;;;;x
d_mesopotamia_adj_sicilian_arabic;Erzurum;;;;;;;;;;;;;x
d_mesopotamia_adj_bedouin_arabic;Erzurum;;;;;;;;;;;;;x
d_mesopotamia_adj_kurdish;Erzurum;;;;;;;;;;;;;x
d_armenia;Armenia;;;;;;;;;;;;;x
d_armenia_adj;Armenian;;;;;;;;;;;;;x
d_armenia_adj_maghreb_arabic;Arminiya;;;;;;;;;;;;;x
d_armenia_adj_levantine_arabic;Arminiya;;;;;;;;;;;;;x
d_armenia_adj_egyptian_arabic;Arminiya;;;;;;;;;;;;;x
d_armenia_adj_andalusian_arabic;Arminiya;;;;;;;;;;;;;x
d_armenia_adj_sicilian_arabic;Arminiya;;;;;;;;;;;;;x
d_armenia_adj_bedouin_arabic;Arminiya;;;;;;;;;;;;;x
d_armenia_adj_kurdish;Ani;;;;;;;;;;;;;x
d_armenia_adj_greek;Ani;;;;;;;;;;;;;x
k_georgia;Georgia;;;;;;;;;;;;;x
k_georgia_adj;Georgian;;;;;;;;;;;;;x
d_kakheti;Kakheti;;;;;;;;;;;;;x
d_kakheti_adj;Kakhetian;;;;;;;;;;;;;x
d_abkhazia;Abkhazia;;;;;;;;;;;;;x
d_abkhazia_adj;Abkhazian;;;;;;;;;;;;;x
d_kartli;Iberia;;;;;;;;;;;;;x
d_kartli_adj;Iberian;;;;;;;;;;;;;x
d_racha;Racha;;;;;;;;;;;;;x
d_racha_adj;Racha;;;;;;;;;;;;;x
d_imeretia;Imereti;;;;;;;;;;;;;x
d_imeretia_adj;Imeretian;;;;;;;;;;;;;x
d_klarjeti;Klarjeti;;;;;;;;;;;;;x
d_klarjeti_adj;Klarjetian;;;;;;;;;;;;;x
d_hereti;Hereti;;;;;;;;;;;;;x
d_hereti_adj;Heretian;;;;;;;;;;;;;x
d_lori;Tashir;;;;;;;;;;;;;x
d_lori_adj;Lori;;;;;;;;;;;;;x
k_caucasian_albania;Arran;;;;;;;;;;;;;x
k_caucasian_albania_adj;Arran;;;;;;;;;;;;;x
d_shirvan;Shirvan;;;;;;;;;;;;;x
d_shirvan_adj;Shirvan;;;;;;;;;;;;;x
d_derbent;Derbent;;;;;;;;;;;;;x
d_derbent_adj;Derbent;;;;;;;;;;;;;x
d_albania;Arran;;;;;;;;;;;;;x
d_albania_adj;Arran;;;;;;;;;;;;;x
d_azerbaijan;Azerbaijan;;;;;;;;;;;;;x
d_azerbaijan_adj;Azerbaijani;;;;;;;;;;;;;x
d_sennar;Sennar;;;;;;;;;;;;;x
d_sennar_adj;Sennar;;;;;;;;;;;;;x
k_arabia;Arabia;;;;;;;;;;;;;x
k_arabia_adj;Arabian;;;;;;;;;;;;;x
k_yemen;Yemen;;;;;;;;;;;;;x
k_yemen_adj;Yemeni;;;;;;;;;;;;;x
k_oman;Oman;;;;;;;;;;;;;x
k_oman_adj;Omani;;;;;;;;;;;;;x
d_amman;Bahrain;;;;;;;;;;;;;x
d_amman_adj;Bahrain;;;;;;;;;;;;;x
d_hadramaut;Hadhramaut;;;;;;;;;;;;;x
d_hadramaut_adj;Hadhramaut;;;;;;;;;;;;;x
d_oman;Oman;;;;;;;;;;;;;x
d_oman_adj;Omani;;;;;;;;;;;;;x
d_sanaa;Sana’a;;;;;;;;;;;;;x
d_sanaa_adj;Sana’a;;;;;;;;;;;;;x
d_medina;Hejaz;;;;;;;;;;;;;x
d_medina_adj;Hejazi;;;;;;;;;;;;;x
d_nefoud;Najd;;;;;;;;;;;;;x
d_nefoud_adj;Najdi;;;;;;;;;;;;;x
d_arabia_petrae;Al-Jawf;;;;;;;;;;;;;x
d_arabia_petrae_adj;Al-Jawf;;;;;;;;;;;;;x
